"","Home_id","Away_id","B365_OT_H","B365_OT_D","B365_OT_A","Date","Score_home","Score_away","SEASON","Div"
"72","Streymur","B36 Torshavn",1.75,3.4,3.75,2009-05-10,0,0,2009,"ILF"
"71","AB Argir","Streymur",4.2,3.5,1.65,2009-05-17,1,1,2009,"ILF"
"70","AB Argir","Vikingur",4.8,3.6,1.55,2009-05-21,0,1,2009,"ILF"
"69","AB Argir","B36 Torshavn",3.5,3.4,1.85,2009-06-01,3,1,2009,"ILF"
"67","AB Argir","Toftir",2.54,3.2,2.45,2009-06-13,0,3,2009,"ILF"
"68","Vikingur","Klaksvik",1.3,4.5,7.2,2009-06-13,4,1,2009,"ILF"
"66","NSI Runavik","07 Vestur Sorvagur",1.35,4.25,6.5,2009-06-14,5,1,2009,"ILF"
"62","Toftir","Streymur",2.75,3.3,2.15,2009-06-17,3,2,2009,"ILF"
"63","07 Vestur Sorvagur","Vikingur",5.85,3.75,1.45,2009-06-17,0,0,2009,"ILF"
"64","IF Fuglafjordur","AB Argir",2,3.25,3.1,2009-06-17,3,0,2009,"ILF"
"65","Klaksvik","B36 Torshavn",3.65,3.3,1.8,2009-06-17,2,2,2009,"ILF"
"60","B36 Torshavn","07 Vestur Sorvagur",1.6,3.6,4.4,2009-06-20,2,1,2009,"ILF"
"61","NSI Runavik","Streymur",2.1,3.2,2.95,2009-06-20,1,2,2009,"ILF"
"58","AB Argir","Klaksvik",1.65,3.5,4.2,2009-06-21,0,2,2009,"ILF"
"59","Toftir","IF Fuglafjordur",1.6,3.55,4.59,2009-06-21,2,1,2009,"ILF"
"55","07 Vestur Sorvagur","AB Argir",2.1,3.25,2.9,2009-06-24,0,0,2009,"ILF"
"56","Streymur","Vikingur",2.2,3.25,2.7,2009-06-24,1,0,2009,"ILF"
"57","Klaksvik","IF Fuglafjordur",1.95,3.3,3.2,2009-06-24,3,2,2009,"ILF"
"54","Toftir","NSI Runavik",2.45,3.25,2.4,2009-06-25,2,2,2009,"ILF"
"53","Vikingur","NSI Runavik",2.2,3.25,2.7,2009-07-18,1,0,2009,"ILF"
"51","IF Fuglafjordur","07 Vestur Sorvagur",1.6,3.5,4.5,2009-07-19,3,0,2009,"ILF"
"52","Klaksvik","Toftir",3.25,3.35,1.9,2009-07-19,2,4,2009,"ILF"
"48","07 Vestur Sorvagur","Klaksvik",2.45,3.25,2.45,2009-07-26,1,3,2009,"ILF"
"49","HB Torshavn","IF Fuglafjordur",1.3,4.75,6.75,2009-07-26,0,0,2009,"ILF"
"50","NSI Runavik","B36 Torshavn",1.9,3.2,3.4,2009-07-26,3,0,2009,"ILF"
"44","Streymur","Klaksvik",1.4,4,6,2009-08-02,7,0,2009,"ILF"
"45","HB Torshavn","07 Vestur Sorvagur",1.2,5.5,9,2009-08-02,4,3,2009,"ILF"
"46","Toftir","B36 Torshavn",1.8,3.45,3.5,2009-08-02,3,0,2009,"ILF"
"47","Vikingur","AB Argir",1.4,4,6,2009-08-02,1,0,2009,"ILF"
"43","NSI Runavik","IF Fuglafjordur",1.45,3.75,5.75,2009-08-03,4,1,2009,"ILF"
"41","Streymur","AB Argir",1.55,3.6,4.75,2009-08-05,0,3,2009,"ILF"
"42","Toftir","Vikingur",2.1,3.25,2.9,2009-08-05,2,2,2009,"ILF"
"40","Klaksvik","HB Torshavn",4.75,3.4,1.6,2009-08-06,0,2,2009,"ILF"
"39","AB Argir","NSI Runavik",4.2,3.5,1.65,2009-08-08,3,1,2009,"ILF"
"36","07 Vestur Sorvagur","Toftir",4.4,3.6,1.6,2009-08-09,1,0,2009,"ILF"
"37","B36 Torshavn","Vikingur",2.4,3.25,2.45,2009-08-09,1,3,2009,"ILF"
"38","IF Fuglafjordur","Streymur",3.75,3.4,1.75,2009-08-09,3,1,2009,"ILF"
"35","B36 Torshavn","AB Argir",1.85,3.4,3.4,2009-08-15,0,2,2009,"ILF"
"32","NSI Runavik","Klaksvik",1.35,4.5,6,2009-08-16,3,2,2009,"ILF"
"33","Streymur","07 Vestur Sorvagur",1.33,4,7.75,2009-08-16,1,0,2009,"ILF"
"34","HB Torshavn","Toftir",1.4,4.25,5.5,2009-08-16,3,1,2009,"ILF"
"27","07 Vestur Sorvagur","NSI Runavik",4.09,3.5,1.7,2009-08-19,2,2,2009,"ILF"
"28","Klaksvik","Vikingur",4.5,3.6,1.6,2009-08-19,2,0,2009,"ILF"
"29","Toftir","AB Argir",1.87,3.4,3.5,2009-08-19,0,0,2009,"ILF"
"30","IF Fuglafjordur","B36 Torshavn",1.6,3.45,4.84,2009-08-19,1,1,2009,"ILF"
"31","HB Torshavn","Streymur",1.7,3.5,4.09,2009-08-19,0,1,2009,"ILF"
"26","Vikingur","07 Vestur Sorvagur",1.3,4.5,7.5,2009-08-22,2,3,2009,"ILF"
"22","AB Argir","IF Fuglafjordur",2.15,3.1,3,2009-08-23,4,2,2009,"ILF"
"23","B36 Torshavn","Klaksvik",3,3.2,2.1,2009-08-23,3,0,2009,"ILF"
"24","Streymur","Toftir",1.8,3.25,3.75,2009-08-23,4,0,2009,"ILF"
"25","NSI Runavik","HB Torshavn",2.9,3.2,2.1,2009-08-23,0,2,2009,"ILF"
"21","B36 Torshavn","Streymur",2.4,3.25,2.45,2009-08-26,1,3,2009,"ILF"
"20","Streymur","NSI Runavik",1.9,3.35,3.35,2009-08-31,2,2,2009,"ILF"
"19","IF Fuglafjordur","Klaksvik",2.2,3.35,2.7,2009-09-12,5,0,2009,"ILF"
"15","AB Argir","07 Vestur Sorvagur",2,3.15,3.2,2009-09-13,2,1,2009,"ILF"
"16","B36 Torshavn","HB Torshavn",4.34,3.4,1.65,2009-09-13,1,0,2009,"ILF"
"17","NSI Runavik","Toftir",1.7,3.35,4.09,2009-09-13,0,1,2009,"ILF"
"18","Vikingur","Streymur",2.29,3.25,2.6,2009-09-13,3,0,2009,"ILF"
"11","07 Vestur Sorvagur","IF Fuglafjordur",2.2,3.05,2.95,2009-09-16,2,2,2009,"ILF"
"12","Streymur","B36 Torshavn",1.9,3.25,3.35,2009-09-16,4,1,2009,"ILF"
"13","HB Torshavn","AB Argir",1.4,4,6,2009-09-16,1,1,2009,"ILF"
"14","Toftir","Klaksvik",1.4,4,6,2009-09-16,0,1,2009,"ILF"
"6","AB Argir","Streymur",3.1,3.25,2,2009-09-20,0,3,2009,"ILF"
"7","B36 Torshavn","NSI Runavik",2.1,3.15,3.05,2009-09-20,5,2,2009,"ILF"
"8","IF Fuglafjordur","HB Torshavn",4,3.45,1.7,2009-09-20,3,0,2009,"ILF"
"9","Klaksvik","07 Vestur Sorvagur",1.95,3.35,3.15,2009-09-20,2,1,2009,"ILF"
"10","Vikingur","Toftir",1.95,3.35,3.15,2009-09-20,2,0,2009,"ILF"
"1","Streymur","IF Fuglafjordur",1.5,3.75,5,2009-09-27,3,2,2009,"ILF"
"2","HB Torshavn","Klaksvik",1.3,4.75,6.95,2009-09-27,4,2,2009,"ILF"
"3","NSI Runavik","AB Argir",1.75,3.3,3.9,2009-09-27,3,1,2009,"ILF"
"4","Toftir","07 Vestur Sorvagur",1.3,4.5,8,2009-09-27,3,0,2009,"ILF"
"5","Vikingur","B36 Torshavn",1.5,3.75,5,2009-09-27,4,3,2009,"ILF"
"182","NSI Runavik","IF Fuglafjordur",1.6,3.4,4.8,2010-04-01,1,2,2010,"ILF"
"183","Streymur","B36 Torshavn",2,3.3,3.05,2010-04-01,1,2,2010,"ILF"
"184","Toftir","Sandur",1.4,4,6,2010-04-01,5,0,2010,"ILF"
"185","Vikingur","AB Argir",1.7,3.25,4.25,2010-04-01,5,3,2010,"ILF"
"181","IF Fuglafjordur","Streymur",3.6,3.35,1.85,2010-04-06,1,1,2010,"ILF"
"180","Vikingur","HB Torshavn",3.1,3.35,2,2010-04-07,0,0,2010,"ILF"
"177","HB Torshavn","AB Argir",1.4,4,6.5,2010-04-11,2,1,2010,"ILF"
"178","NSI Runavik","Vikingur",2.04,3.25,3.1,2010-04-11,0,2,2010,"ILF"
"179","Sandur","B36 Torshavn",8,5,1.25,2010-04-11,0,3,2010,"ILF"
"176","Toftir","IF Fuglafjordur",1.85,3.3,3.6,2010-04-12,1,0,2010,"ILF"
"175","Vikingur","Streymur",1.85,3.4,3.45,2010-04-16,2,2,2010,"ILF"
"172","AB Argir","B36 Torshavn",4.09,3.5,1.7,2010-04-18,2,2,2010,"ILF"
"173","HB Torshavn","NSI Runavik",1.5,3.8,5.25,2010-04-18,2,1,2010,"ILF"
"174","IF Fuglafjordur","Sandur",1.6,3.6,4.59,2010-04-18,1,1,2010,"ILF"
"170","B36 Torshavn","IF Fuglafjordur",1.5,3.8,5,2010-05-02,1,1,2010,"ILF"
"171","Streymur","HB Torshavn",2.2,3.2,2.8,2010-05-02,0,1,2010,"ILF"
"169","NSI Runavik","Streymur",2.1,3.3,2.9,2010-05-07,2,1,2010,"ILF"
"166","AB Argir","IF Fuglafjordur",2.1,3.1,3.05,2010-05-09,0,2,2010,"ILF"
"167","HB Torshavn","Toftir",1.5,3.7,5.35,2010-05-09,4,3,2010,"ILF"
"168","Vikingur","Sandur",1.5,3.7,5.35,2010-05-09,0,0,2010,"ILF"
"165","Toftir","NSI Runavik",2.2,3.3,2.75,2010-05-12,0,3,2010,"ILF"
"162","B36 Torshavn","Vikingur",1.85,3.4,3.4,2010-05-13,1,2,2010,"ILF"
"163","Streymur","AB Argir",1.5,3.75,5,2010-05-13,2,1,2010,"ILF"
"164","Sandur","HB Torshavn",5,3.75,1.5,2010-05-13,0,1,2010,"ILF"
"158","B36 Torshavn","NSI Runavik",1.75,3.3,4,2010-05-16,1,5,2010,"ILF"
"159","IF Fuglafjordur","HB Torshavn",3.6,3.3,1.85,2010-05-16,2,1,2010,"ILF"
"160","Sandur","Streymur",4.5,3.7,1.6,2010-05-16,2,3,2010,"ILF"
"161","Toftir","AB Argir",1.6,3.5,4.7,2010-05-16,1,1,2010,"ILF"
"155","HB Torshavn","B36 Torshavn",2.1,3.2,3.1,2010-05-24,2,2,2010,"ILF"
"156","NSI Runavik","Sandur",1.35,4.34,7,2010-05-24,2,0,2010,"ILF"
"157","Vikingur","IF Fuglafjordur",1.7,3.4,4.34,2010-05-24,1,3,2010,"ILF"
"154","Streymur","Toftir",1.6,3.55,4.84,2010-05-25,3,0,2010,"ILF"
"153","IF Fuglafjordur","NSI Runavik",2.25,3.4,2.54,2010-05-28,3,5,2010,"ILF"
"152","AB Argir","Vikingur",3.75,3.25,1.8,2010-05-29,1,1,2010,"ILF"
"150","B36 Torshavn","Streymur",1.7,3.4,4,2010-05-30,1,1,2010,"ILF"
"151","Sandur","Toftir",3.15,3.2,2,2010-05-30,1,0,2010,"ILF"
"149","Streymur","IF Fuglafjordur",2.2,3.1,2.9,2010-06-12,3,0,2010,"ILF"
"146","HB Torshavn","Vikingur",1.7,3.35,4.25,2010-06-13,2,0,2010,"ILF"
"147","Sandur","AB Argir",3,3.1,2.15,2010-06-13,1,0,2010,"ILF"
"148","Toftir","B36 Torshavn",4,3.2,1.8,2010-06-13,1,0,2010,"ILF"
"142","B36 Torshavn","Sandur",1.45,4,6,2010-06-16,1,1,2010,"ILF"
"143","IF Fuglafjordur","Toftir",1.7,3.5,4.4,2010-06-16,4,2,2010,"ILF"
"144","AB Argir","HB Torshavn",6.5,4,1.42,2010-06-16,1,1,2010,"ILF"
"145","Vikingur","NSI Runavik",2.85,3.25,2.2,2010-06-16,2,3,2010,"ILF"
"140","NSI Runavik","HB Torshavn",2.1,3.25,3.1,2010-06-19,2,0,2010,"ILF"
"141","Sandur","IF Fuglafjordur",2.54,3.3,2.4,2010-06-19,0,2,2010,"ILF"
"138","B36 Torshavn","AB Argir",1.55,3.75,5,2010-06-20,1,0,2010,"ILF"
"139","Streymur","Vikingur",1.8,3.35,4,2010-06-20,2,2,2010,"ILF"
"137","Vikingur","Toftir",1.75,2.9,5.15,2010-06-25,0,0,2010,"ILF"
"136","FC Suduroy","Sandur",1.9,3.2,3.5,2010-06-26,2,1,2010,"ILF"
"133","HB Torshavn","Streymur",1.7,3.35,4.25,2010-06-27,5,2,2010,"ILF"
"134","AB Argir","NSI Runavik",6.2,4.09,1.4,2010-06-27,0,0,2010,"ILF"
"135","IF Fuglafjordur","B36 Torshavn",1.8,3.35,3.8,2010-06-27,0,5,2010,"ILF"
"132","IF Fuglafjordur","AB Argir",1.25,5,9,2010-07-03,4,4,2010,"ILF"
"129","FC Suduroy","IF Fuglafjordur",3.25,3.5,1.95,2010-07-27,0,2,2010,"ILF"
"130","NSI Runavik","Toftir",1.35,4.33,7.25,2010-07-27,2,1,2010,"ILF"
"131","AB Argir","Streymur",3.3,3.4,1.95,2010-07-27,1,2,2010,"ILF"
"128","HB Torshavn","Sandur",1.3,4.59,8,2010-07-28,1,2,2010,"ILF"
"127","B36 Torshavn","Vikingur",1.88,3.5,3.4,2010-07-29,1,3,2010,"ILF"
"126","Vikingur","FC Suduroy",1.45,4,6,2010-08-02,4,1,2010,"ILF"
"125","AB Argir","Toftir",2.2,3.2,2.9,2010-08-03,1,2,2010,"ILF"
"121","B36 Torshavn","HB Torshavn",2.8,3.4,2.2,2010-08-15,1,0,2010,"ILF"
"122","FC Suduroy","AB Argir",2,3.25,3.3,2010-08-15,3,3,2010,"ILF"
"123","IF Fuglafjordur","Vikingur",1.9,3.35,3.6,2010-08-15,0,1,2010,"ILF"
"124","Sandur","NSI Runavik",6,3.9,1.45,2010-08-15,1,6,2010,"ILF"
"120","Toftir","Streymur",3.3,3.4,1.95,2010-08-16,1,1,2010,"ILF"
"119","NSI Runavik","Streymur",1.9,3.25,3.65,2010-08-20,0,0,2010,"ILF"
"115","AB Argir","IF Fuglafjordur",3.65,3.25,1.9,2010-08-22,1,4,2010,"ILF"
"116","HB Torshavn","Toftir",1.4,4.25,6.5,2010-08-22,1,0,2010,"ILF"
"117","Vikingur","Sandur",1.3,4.75,7.75,2010-08-22,5,0,2010,"ILF"
"118","FC Suduroy","B36 Torshavn",6,4.09,1.45,2010-08-22,2,1,2010,"ILF"
"111","Sandur","Vikingur",6,4.33,1.4,2010-08-25,0,0,2010,"ILF"
"112","Toftir","HB Torshavn",3.25,3.6,1.91,2010-08-25,2,2,2010,"ILF"
"113","B36 Torshavn","FC Suduroy",1.44,4.2,5.5,2010-08-25,1,0,2010,"ILF"
"114","Streymur","NSI Runavik",2.5,3.5,2.35,2010-08-25,1,1,2010,"ILF"
"107","Streymur","AB Argir",1.2,5.5,10,2010-08-29,6,0,2010,"ILF"
"108","IF Fuglafjordur","FC Suduroy",1.31,4.59,7.75,2010-08-29,3,1,2010,"ILF"
"109","Sandur","HB Torshavn",6,4.33,1.4,2010-08-29,0,2,2010,"ILF"
"110","Vikingur","B36 Torshavn",2.29,3.5,2.54,2010-08-29,1,0,2010,"ILF"
"104","Streymur","B36 Torshavn",1.65,3.5,4.7,2010-09-12,4,1,2010,"ILF"
"105","HB Torshavn","FC Suduroy",1.25,5,9,2010-09-12,1,4,2010,"ILF"
"106","Toftir","Sandur",1.8,3.4,3.8,2010-09-12,1,1,2010,"ILF"
"103","NSI Runavik","IF Fuglafjordur",1.55,3.65,5.25,2010-09-13,0,0,2010,"ILF"
"102","Vikingur","AB Argir",1.22,5.25,10,2010-09-14,3,1,2010,"ILF"
"101","IF Fuglafjordur","Streymur",3.5,3.45,1.9,2010-09-17,3,3,2010,"ILF"
"97","AB Argir","Sandur",2.2,3.2,3,2010-09-19,0,4,2010,"ILF"
"98","B36 Torshavn","Toftir",1.95,3.25,3.5,2010-09-19,3,1,2010,"ILF"
"99","Vikingur","HB Torshavn",3.25,3.25,2.04,2010-09-19,0,1,2010,"ILF"
"100","FC Suduroy","NSI Runavik",4.2,3.35,1.75,2010-09-19,1,1,2010,"ILF"
"94","Toftir","IF Fuglafjordur",2.1,3.25,3.1,2010-09-22,3,3,2010,"ILF"
"95","Sandur","B36 Torshavn",3,3.35,2.1,2010-09-22,0,0,2010,"ILF"
"96","Streymur","FC Suduroy",1.2,6,9,2010-09-22,5,2,2010,"ILF"
"92","HB Torshavn","AB Argir",1.2,6,9,2010-09-23,3,0,2010,"ILF"
"93","NSI Runavik","Vikingur",1.65,3.75,4.2,2010-09-23,0,1,2010,"ILF"
"89","B36 Torshavn","IF Fuglafjordur",1.8,3.25,4,2010-09-26,1,0,2010,"ILF"
"90","Sandur","FC Suduroy",1.9,3.2,3.65,2010-09-26,2,2,2010,"ILF"
"91","Toftir","Vikingur",2.2,3.2,2.9,2010-09-26,2,0,2010,"ILF"
"88","NSI Runavik","AB Argir",1.14,6,13,2010-09-27,2,1,2010,"ILF"
"87","Streymur","HB Torshavn",2.04,3.2,3.2,2010-09-28,1,1,2010,"ILF"
"82","AB Argir","B36 Torshavn",4,3.5,1.75,2010-10-02,0,5,2010,"ILF"
"83","HB Torshavn","NSI Runavik",2,3.35,3.2,2010-10-02,3,2,2010,"ILF"
"84","IF Fuglafjordur","Sandur",1.5,3.75,5.75,2010-10-02,3,0,2010,"ILF"
"85","Vikingur","Streymur",2.2,3.35,2.85,2010-10-02,0,3,2010,"ILF"
"86","FC Suduroy","Toftir",2.65,3.4,2.29,2010-10-02,2,1,2010,"ILF"
"77","B36 Torshavn","NSI Runavik",3.4,3.7,1.83,2010-10-17,2,1,2010,"ILF"
"78","FC Suduroy","Vikingur",4.25,3.9,1.62,2010-10-17,0,2,2010,"ILF"
"79","IF Fuglafjordur","HB Torshavn",3.4,3.7,1.83,2010-10-17,1,2,2010,"ILF"
"80","Sandur","Streymur",5.75,4.25,1.42,2010-10-17,0,4,2010,"ILF"
"81","Toftir","AB Argir",1.35,4.59,6.5,2010-10-17,3,0,2010,"ILF"
"73","Streymur","Toftir",1.25,5.5,8,2010-10-23,3,1,2010,"ILF"
"74","HB Torshavn","B36 Torshavn",1.65,3.75,4.2,2010-10-23,2,1,2010,"ILF"
"75","NSI Runavik","Sandur",1.25,5.5,8,2010-10-23,9,1,2010,"ILF"
"76","Vikingur","IF Fuglafjordur",1.75,3.45,4,2010-10-23,1,3,2010,"ILF"
"320","Streymur","Vikingur",1.7,3.4,4,2011-04-09,2,1,2011,"ILF"
"317","Sandur","Klaksvik",2.75,3,2.29,2011-04-10,0,6,2011,"ILF"
"318","07 Vestur Sorvagur","B36 Torshavn",3,3.1,2.1,2011-04-10,0,3,2011,"ILF"
"319","NSI Runavik","HB Torshavn",2.1,3.25,2.9,2011-04-10,2,1,2011,"ILF"
"316","Toftir","IF Fuglafjordur",2.29,3.4,2.5,2011-04-11,3,4,2011,"ILF"
"315","Vikingur","NSI Runavik",1.91,3.4,3.4,2011-04-15,3,2,2011,"ILF"
"314","HB Torshavn","07 Vestur Sorvagur",1.25,5,8.75,2011-04-16,5,0,2011,"ILF"
"311","B36 Torshavn","Sandur",1.15,5.5,15,2011-04-17,4,1,2011,"ILF"
"312","IF Fuglafjordur","Streymur",2.75,3.3,2.2,2011-04-17,0,4,2011,"ILF"
"313","Klaksvik","Toftir",2.1,3.3,3,2011-04-17,3,1,2011,"ILF"
"310","NSI Runavik","Toftir",1.35,4.5,7,2011-04-20,1,0,2011,"ILF"
"306","Streymur","07 Vestur Sorvagur",1.18,6.5,9.25,2011-04-21,1,0,2011,"ILF"
"307","HB Torshavn","Sandur",1.14,7,10,2011-04-21,2,0,2011,"ILF"
"308","IF Fuglafjordur","Klaksvik",2.1,3.8,2.7,2011-04-21,0,1,2011,"ILF"
"309","Vikingur","B36 Torshavn",1.88,3.75,3.2,2011-04-21,1,1,2011,"ILF"
"301","Streymur","NSI Runavik",1.91,3.5,3.3,2011-04-25,2,2,2011,"ILF"
"302","07 Vestur Sorvagur","Klaksvik",2.9,3.3,2.15,2011-04-25,3,3,2011,"ILF"
"303","B36 Torshavn","IF Fuglafjordur",1.35,4.5,7,2011-04-25,1,1,2011,"ILF"
"304","Sandur","Vikingur",7.5,4.75,1.3,2011-04-25,0,6,2011,"ILF"
"305","Toftir","HB Torshavn",4,3.7,1.7,2011-04-25,0,0,2011,"ILF"
"300","IF Fuglafjordur","HB Torshavn",3.75,3.7,1.75,2011-04-29,3,0,2011,"ILF"
"296","Vikingur","07 Vestur Sorvagur",1.35,4.5,6.75,2011-04-30,1,1,2011,"ILF"
"297","Klaksvik","NSI Runavik",3.7,3.2,1.9,2011-04-30,1,2,2011,"ILF"
"298","B36 Torshavn","Streymur",3,3.1,2.2,2011-04-30,1,0,2011,"ILF"
"299","Sandur","Toftir",3.8,3.3,1.83,2011-04-30,0,5,2011,"ILF"
"295","Vikingur","Toftir",1.7,3.4,4.34,2011-05-07,2,1,2011,"ILF"
"291","HB Torshavn","Streymur",2.25,3.25,2.8,2011-05-08,3,2,2011,"ILF"
"292","IF Fuglafjordur","Sandur",1.2,6,9,2011-05-08,1,2,2011,"ILF"
"293","Klaksvik","B36 Torshavn",3.4,3.4,1.9,2011-05-08,0,2,2011,"ILF"
"294","NSI Runavik","07 Vestur Sorvagur",1.5,4.25,4.75,2011-05-08,9,0,2011,"ILF"
"287","07 Vestur Sorvagur","Sandur",1.8,3.35,3.9,2011-05-11,2,1,2011,"ILF"
"288","Streymur","Klaksvik",1.6,3.5,5,2011-05-11,2,0,2011,"ILF"
"289","Toftir","B36 Torshavn",3.4,3.5,1.88,2011-05-11,2,2,2011,"ILF"
"290","HB Torshavn","Vikingur",1.83,3.7,3.4,2011-05-11,1,2,2011,"ILF"
"286","NSI Runavik","IF Fuglafjordur",1.6,3.5,5,2011-05-12,1,1,2011,"ILF"
"282","B36 Torshavn","HB Torshavn",2.9,3.2,2.2,2011-05-15,4,1,2011,"ILF"
"283","Klaksvik","Vikingur",3.4,3.4,1.9,2011-05-15,0,1,2011,"ILF"
"284","Sandur","NSI Runavik",6.75,4,1.4,2011-05-15,1,6,2011,"ILF"
"285","Toftir","Streymur",3.9,3.35,1.8,2011-05-15,1,0,2011,"ILF"
"281","IF Fuglafjordur","07 Vestur Sorvagur",1.5,3.8,5.5,2011-05-16,1,2,2011,"ILF"
"278","07 Vestur Sorvagur","Toftir",2,3.4,3.15,2011-05-22,0,1,2011,"ILF"
"279","HB Torshavn","Klaksvik",1.6,3.6,4.8,2011-05-22,1,4,2011,"ILF"
"280","NSI Runavik","B36 Torshavn",2.25,3.3,2.75,2011-05-22,2,3,2011,"ILF"
"276","Streymur","Sandur",1.1,8,12,2011-05-23,5,1,2011,"ILF"
"277","Vikingur","IF Fuglafjordur",1.8,3.4,3.85,2011-05-23,1,0,2011,"ILF"
"271","Sandur","HB Torshavn",4,4.09,1.62,2011-05-27,0,2,2011,"ILF"
"272","07 Vestur Sorvagur","Streymur",4.34,3.4,1.7,2011-05-27,1,7,2011,"ILF"
"273","Toftir","NSI Runavik",3.9,3.35,1.8,2011-05-27,1,1,2011,"ILF"
"274","B36 Torshavn","Vikingur",1.6,3.6,4.8,2011-05-27,2,0,2011,"ILF"
"275","Klaksvik","IF Fuglafjordur",1.65,3.45,4.59,2011-05-27,2,0,2011,"ILF"
"267","Klaksvik","07 Vestur Sorvagur",1.5,4.33,4.75,2011-06-11,1,2,2011,"ILF"
"268","NSI Runavik","Streymur",2.5,3.6,2.29,2011-06-11,2,2,2011,"ILF"
"269","HB Torshavn","Toftir",1.4,4.59,5.5,2011-06-11,3,3,2011,"ILF"
"270","IF Fuglafjordur","B36 Torshavn",3.9,3.75,1.7,2011-06-11,1,1,2011,"ILF"
"266","Vikingur","Sandur",1.11,8,12,2011-06-13,3,2,2011,"ILF"
"264","Streymur","HB Torshavn",1.6,3.6,4.8,2011-06-18,3,1,2011,"ILF"
"265","Sandur","IF Fuglafjordur",3.9,3.35,1.8,2011-06-18,1,4,2011,"ILF"
"261","07 Vestur Sorvagur","NSI Runavik",4.05,3.4,1.75,2011-06-19,4,6,2011,"ILF"
"262","B36 Torshavn","Klaksvik",1.35,4.5,6.75,2011-06-19,4,1,2011,"ILF"
"263","Toftir","Vikingur",3.5,3.35,1.9,2011-06-19,1,2,2011,"ILF"
"260","Streymur","Toftir",1.26,5.5,7.5,2011-06-24,3,2,2011,"ILF"
"258","NSI Runavik","Sandur",1.05,11,15,2011-06-25,1,1,2011,"ILF"
"259","Vikingur","Klaksvik",1.38,4.75,5.75,2011-06-25,2,1,2011,"ILF"
"256","07 Vestur Sorvagur","IF Fuglafjordur",2.2,3.3,2.85,2011-06-26,1,0,2011,"ILF"
"257","HB Torshavn","B36 Torshavn",3.9,3.35,1.8,2011-06-26,1,3,2011,"ILF"
"255","IF Fuglafjordur","Toftir",1.9,3.4,3.45,2011-07-26,3,1,2011,"ILF"
"254","Vikingur","Streymur",2.2,3.3,2.85,2011-07-27,2,1,2011,"ILF"
"253","B36 Torshavn","07 Vestur Sorvagur",1.25,5,9,2011-07-28,1,0,2011,"ILF"
"252","HB Torshavn","NSI Runavik",2.04,3.9,2.75,2011-07-29,0,0,2011,"ILF"
"251","Toftir","Klaksvik",2.4,3.3,2.54,2011-08-01,3,0,2011,"ILF"
"248","07 Vestur Sorvagur","HB Torshavn",3.1,3.2,2.1,2011-08-02,1,0,2011,"ILF"
"249","NSI Runavik","Vikingur",2.29,3.5,2.54,2011-08-02,0,1,2011,"ILF"
"250","Sandur","B36 Torshavn",8,6,1.22,2011-08-02,2,3,2011,"ILF"
"247","Klaksvik","Sandur",1.14,6.5,11.5,2011-08-06,1,2,2011,"ILF"
"242","B36 Torshavn","Toftir",1.2,5.5,10.5,2011-08-14,1,0,2011,"ILF"
"243","IF Fuglafjordur","NSI Runavik",3.2,3.4,2,2011-08-14,1,1,2011,"ILF"
"244","Klaksvik","Streymur",3.75,3.9,1.7,2011-08-14,1,3,2011,"ILF"
"245","Sandur","07 Vestur Sorvagur",2.7,3.4,2.25,2011-08-14,2,0,2011,"ILF"
"246","Vikingur","HB Torshavn",1.42,4.4,5.75,2011-08-14,3,1,2011,"ILF"
"237","07 Vestur Sorvagur","Vikingur",4.59,3.9,1.57,2011-08-17,1,1,2011,"ILF"
"238","Streymur","B36 Torshavn",2.29,3.3,2.7,2011-08-17,2,1,2011,"ILF"
"239","HB Torshavn","IF Fuglafjordur",1.8,3.6,3.6,2011-08-17,3,1,2011,"ILF"
"240","NSI Runavik","Klaksvik",1.3,5,7,2011-08-17,3,3,2011,"ILF"
"241","Toftir","Sandur",1.6,3.9,4.4,2011-08-17,3,1,2011,"ILF"
"232","Toftir","07 Vestur Sorvagur",1.88,3.7,3.25,2011-08-21,1,1,2011,"ILF"
"233","B36 Torshavn","NSI Runavik",1.4,4.59,5.5,2011-08-21,4,3,2011,"ILF"
"234","Klaksvik","HB Torshavn",2.2,3.7,2.6,2011-08-21,2,2,2011,"ILF"
"235","Sandur","Streymur",6.75,5.25,1.3,2011-08-21,1,2,2011,"ILF"
"236","IF Fuglafjordur","Vikingur",4,3.8,1.67,2011-08-21,1,2,2011,"ILF"
"231","Vikingur","B36 Torshavn",2.45,3.5,2.4,2011-08-26,0,2,2011,"ILF"
"228","Streymur","07 Vestur Sorvagur",1.3,5.25,6.75,2011-08-27,2,1,2011,"ILF"
"229","HB Torshavn","Sandur",1.55,4.33,4.25,2011-08-27,5,0,2011,"ILF"
"230","IF Fuglafjordur","Klaksvik",2,3.6,3,2011-08-27,0,1,2011,"ILF"
"227","NSI Runavik","Toftir",1.6,3.6,4.8,2011-08-28,2,1,2011,"ILF"
"226","Streymur","NSI Runavik",1.75,3.6,3.9,2011-09-10,5,1,2011,"ILF"
"222","07 Vestur Sorvagur","Klaksvik",1.88,3.4,3.5,2011-09-11,2,2,2011,"ILF"
"223","B36 Torshavn","IF Fuglafjordur",1.3,4.75,7.75,2011-09-11,3,0,2011,"ILF"
"224","Sandur","Vikingur",5.75,4.5,1.4,2011-09-11,1,4,2011,"ILF"
"225","Toftir","HB Torshavn",2.5,3.1,2.54,2011-09-11,1,0,2011,"ILF"
"217","HB Torshavn","Streymur",4.4,3.5,1.67,2011-09-14,3,4,2011,"ILF"
"218","IF Fuglafjordur","Sandur",1.65,3.5,4.59,2011-09-14,3,2,2011,"ILF"
"219","NSI Runavik","07 Vestur Sorvagur",1.6,3.6,4.75,2011-09-14,1,0,2011,"ILF"
"220","Klaksvik","B36 Torshavn",4.5,3.55,1.65,2011-09-14,0,3,2011,"ILF"
"221","Vikingur","Toftir",1.6,3.5,5,2011-09-14,4,1,2011,"ILF"
"213","07 Vestur Sorvagur","Sandur",1.57,4.09,4.33,2011-09-18,2,2,2011,"ILF"
"214","Streymur","Klaksvik",1.28,5.25,7.25,2011-09-18,3,0,2011,"ILF"
"215","HB Torshavn","Vikingur",4,3.6,1.72,2011-09-18,2,2,2011,"ILF"
"216","Toftir","B36 Torshavn",4.75,3.7,1.6,2011-09-18,2,3,2011,"ILF"
"212","NSI Runavik","IF Fuglafjordur",1.5,3.75,5.75,2011-09-19,1,2,2011,"ILF"
"211","Vikingur","07 Vestur Sorvagur",1.3,4.75,7.75,2011-09-23,5,1,2011,"ILF"
"207","B36 Torshavn","Streymur",2.04,3.7,2.85,2011-09-25,1,2,2011,"ILF"
"208","IF Fuglafjordur","HB Torshavn",2.4,3.4,2.5,2011-09-25,7,1,2011,"ILF"
"209","Klaksvik","NSI Runavik",2.6,3.5,2.29,2011-09-25,5,1,2011,"ILF"
"210","Sandur","Toftir",3.5,4,1.75,2011-09-25,0,3,2011,"ILF"
"206","Streymur","IF Fuglafjordur",1.26,5,8.5,2011-09-29,1,0,2011,"ILF"
"204","Klaksvik","Toftir",1.9,3.4,3.45,2011-10-01,5,3,2011,"ILF"
"205","B36 Torshavn","Sandur",1.08,9,13,2011-10-01,2,1,2011,"ILF"
"201","HB Torshavn","07 Vestur Sorvagur",1.7,3.9,3.8,2011-10-02,4,1,2011,"ILF"
"202","IF Fuglafjordur","Streymur",4.4,3.9,1.6,2011-10-02,0,2,2011,"ILF"
"203","Vikingur","NSI Runavik",1.6,3.85,4.34,2011-10-02,1,2,2011,"ILF"
"200","Sandur","Klaksvik",3.4,3.5,1.88,2011-10-09,0,1,2011,"ILF"
"196","07 Vestur Sorvagur","B36 Torshavn",6,4.4,1.4,2011-10-12,2,3,2011,"ILF"
"197","Streymur","Vikingur",1.57,4,4.5,2011-10-12,3,3,2011,"ILF"
"198","NSI Runavik","HB Torshavn",1.8,3.9,3.4,2011-10-12,2,1,2011,"ILF"
"199","Toftir","IF Fuglafjordur",2,3.5,3.1,2011-10-12,0,1,2011,"ILF"
"191","07 Vestur Sorvagur","Toftir",2.04,3.5,3,2011-10-16,0,1,2011,"ILF"
"192","Streymur","Sandur",1.05,9,21,2011-10-16,1,0,2011,"ILF"
"193","HB Torshavn","Klaksvik",1.72,3.8,3.75,2011-10-16,1,3,2011,"ILF"
"194","NSI Runavik","B36 Torshavn",3.6,3.7,1.78,2011-10-16,1,2,2011,"ILF"
"195","Vikingur","IF Fuglafjordur",1.3,4.75,7.75,2011-10-16,4,0,2011,"ILF"
"186","B36 Torshavn","HB Torshavn",1.22,6.5,8,2011-10-22,3,2,2011,"ILF"
"187","IF Fuglafjordur","07 Vestur Sorvagur",1.65,3.5,4.7,2011-10-22,1,2,2011,"ILF"
"188","Klaksvik","Vikingur",3.3,3.3,2,2011-10-22,1,4,2011,"ILF"
"189","Sandur","NSI Runavik",4.8,3.6,1.6,2011-10-22,1,3,2011,"ILF"
"190","Toftir","Streymur",4.3,3.5,1.7,2011-10-22,3,2,2011,"ILF"
"452","B36 Torshavn","FC Suduroy",1.2,5.5,10.5,2012-03-24,1,0,2012,"ILF"
"448","Streymur","Klaksvik",1.53,3.9,5,2012-03-25,1,1,2012,"ILF"
"449","HB Torshavn","Toftir",1.65,3.75,4.2,2012-03-25,4,0,2012,"ILF"
"450","IF Fuglafjordur","NSI Runavik",1.85,3.6,3.4,2012-03-25,2,1,2012,"ILF"
"451","TB Tvoroyri","Vikingur",3.8,3.6,1.75,2012-03-25,0,2,2012,"ILF"
"447","Vikingur","Streymur",2.2,3.4,2.75,2012-03-30,2,1,2012,"ILF"
"446","Toftir","IF Fuglafjordur",2.1,3.4,2.95,2012-03-31,0,2,2012,"ILF"
"443","Klaksvik","B36 Torshavn",3.75,3.7,1.75,2012-04-01,0,2,2012,"ILF"
"444","NSI Runavik","TB Tvoroyri",1.35,4.5,6.75,2012-04-01,2,0,2012,"ILF"
"445","FC Suduroy","HB Torshavn",3.3,3.7,1.87,2012-04-01,0,1,2012,"ILF"
"438","Streymur","TB Tvoroyri",1.14,6.5,11.5,2012-04-05,1,1,2012,"ILF"
"439","B36 Torshavn","IF Fuglafjordur",1.55,3.9,4.75,2012-04-05,1,1,2012,"ILF"
"440","Klaksvik","HB Torshavn",3.5,3.7,1.8,2012-04-05,1,1,2012,"ILF"
"441","NSI Runavik","FC Suduroy",1.6,3.9,4.4,2012-04-05,0,0,2012,"ILF"
"442","Vikingur","Toftir",1.53,3.9,5,2012-04-05,2,0,2012,"ILF"
"433","Streymur","FC Suduroy",1.25,5.25,8.25,2012-04-15,3,0,2012,"ILF"
"434","HB Torshavn","Vikingur",1.8,3.7,3.5,2012-04-15,1,1,2012,"ILF"
"435","IF Fuglafjordur","Klaksvik",1.7,3.7,4,2012-04-15,2,0,2012,"ILF"
"436","Toftir","NSI Runavik",1.95,3.6,3.1,2012-04-15,3,2,2012,"ILF"
"437","TB Tvoroyri","B36 Torshavn",13,6.75,1.12,2012-04-15,1,4,2012,"ILF"
"428","Klaksvik","TB Tvoroyri",1.25,4.75,10,2012-04-21,0,0,2012,"ILF"
"429","FC Suduroy","Toftir",2.1,3.3,3,2012-04-21,0,1,2012,"ILF"
"430","B36 Torshavn","Streymur",1.7,3.5,4.25,2012-04-21,1,2,2012,"ILF"
"431","IF Fuglafjordur","Vikingur",2.29,3.3,2.7,2012-04-21,1,2,2012,"ILF"
"432","NSI Runavik","HB Torshavn",3.7,3.5,1.8,2012-04-21,2,4,2012,"ILF"
"427","Klaksvik","NSI Runavik",1.78,3.4,3.9,2012-04-28,3,2,2012,"ILF"
"423","Vikingur","FC Suduroy",1.28,4.59,9,2012-04-29,4,0,2012,"ILF"
"424","B36 Torshavn","Toftir",1.25,5,9,2012-04-29,1,2,2012,"ILF"
"425","Streymur","HB Torshavn",1.8,3.6,3.6,2012-04-29,2,2,2012,"ILF"
"426","TB Tvoroyri","IF Fuglafjordur",4.75,3.6,1.6,2012-04-29,1,0,2012,"ILF"
"421","HB Torshavn","B36 Torshavn",2.4,3.3,2.54,2012-05-04,2,1,2012,"ILF"
"422","NSI Runavik","Vikingur",4.09,3.6,1.7,2012-05-04,0,2,2012,"ILF"
"418","IF Fuglafjordur","Streymur",2.8,3.4,2.2,2012-05-05,1,2,2012,"ILF"
"419","Toftir","Klaksvik",1.78,3.5,3.8,2012-05-05,0,2,2012,"ILF"
"420","FC Suduroy","TB Tvoroyri",1.91,3.4,3.4,2012-05-05,1,1,2012,"ILF"
"416","HB Torshavn","IF Fuglafjordur",1.48,3.9,5.5,2012-05-12,1,4,2012,"ILF"
"417","TB Tvoroyri","Toftir",3.3,3.25,2,2012-05-12,3,1,2012,"ILF"
"413","B36 Torshavn","Vikingur",1.91,3.4,3.4,2012-05-13,3,0,2012,"ILF"
"414","Streymur","NSI Runavik",1.22,5,11,2012-05-13,1,0,2012,"ILF"
"415","Klaksvik","FC Suduroy",1.55,3.6,5.25,2012-05-13,5,1,2012,"ILF"
"411","Toftir","Streymur",4.5,3.7,1.62,2012-05-19,1,2,2012,"ILF"
"412","TB Tvoroyri","HB Torshavn",4.4,3.5,1.67,2012-05-19,4,2,2012,"ILF"
"408","FC Suduroy","IF Fuglafjordur",6,3.9,1.45,2012-05-20,0,6,2012,"ILF"
"409","NSI Runavik","B36 Torshavn",4.75,3.8,1.57,2012-05-20,3,1,2012,"ILF"
"410","Vikingur","Klaksvik",1.38,4.2,6.75,2012-05-20,0,1,2012,"ILF"
"403","HB Torshavn","Klaksvik",1.85,3.5,3.5,2012-05-28,5,0,2012,"ILF"
"404","IF Fuglafjordur","B36 Torshavn",2.1,3.6,2.8,2012-05-28,1,1,2012,"ILF"
"405","TB Tvoroyri","Streymur",4.09,3.6,1.7,2012-05-28,0,3,2012,"ILF"
"406","Toftir","Vikingur",5.25,3.75,1.53,2012-05-28,1,1,2012,"ILF"
"407","FC Suduroy","NSI Runavik",5.25,3.75,1.53,2012-05-28,0,2,2012,"ILF"
"402","NSI Runavik","Klaksvik",2.35,3.25,2.65,2012-06-09,0,2,2012,"ILF"
"398","HB Torshavn","Streymur",2.1,3.4,2.95,2012-06-10,0,1,2012,"ILF"
"399","IF Fuglafjordur","TB Tvoroyri",1.7,3.5,4.25,2012-06-10,1,1,2012,"ILF"
"400","Toftir","B36 Torshavn",2.75,3.2,2.29,2012-06-10,1,1,2012,"ILF"
"401","FC Suduroy","Vikingur",7.75,4.4,1.33,2012-06-10,1,1,2012,"ILF"
"393","B36 Torshavn","HB Torshavn",2.5,3.4,2.4,2012-06-13,1,0,2012,"ILF"
"394","Streymur","IF Fuglafjordur",1.5,4,5.25,2012-06-13,2,1,2012,"ILF"
"395","Klaksvik","Toftir",1.75,3.5,4,2012-06-13,3,0,2012,"ILF"
"396","TB Tvoroyri","FC Suduroy",1.78,3.5,3.8,2012-06-13,3,0,2012,"ILF"
"397","Vikingur","NSI Runavik",1.45,4,6,2012-06-13,1,1,2012,"ILF"
"390","HB Torshavn","FC Suduroy",1.22,5.25,10,2012-06-17,6,0,2012,"ILF"
"391","IF Fuglafjordur","Toftir",1.5,3.9,5.25,2012-06-17,2,0,2012,"ILF"
"392","TB Tvoroyri","NSI Runavik",1.7,3.7,4,2012-06-17,1,3,2012,"ILF"
"389","FC Suduroy","Streymur",12.5,5.5,1.18,2012-06-23,0,2,2012,"ILF"
"385","B36 Torshavn","TB Tvoroyri",1.48,4,5.5,2012-06-24,2,2,2012,"ILF"
"386","Klaksvik","IF Fuglafjordur",2,3.3,3.25,2012-06-24,1,0,2012,"ILF"
"387","NSI Runavik","Toftir",1.56,3.7,5,2012-06-24,0,2,2012,"ILF"
"388","Vikingur","HB Torshavn",1.91,3.4,3.4,2012-06-24,2,2,2012,"ILF"
"383","Vikingur","B36 Torshavn",1.95,3.4,3.3,2012-06-29,3,2,2012,"ILF"
"384","NSI Runavik","Streymur",4.25,3.5,1.7,2012-06-29,1,0,2012,"ILF"
"380","Toftir","TB Tvoroyri",2.2,3.2,2.9,2012-06-30,1,1,2012,"ILF"
"381","FC Suduroy","Klaksvik",6.75,4.2,1.38,2012-06-30,1,4,2012,"ILF"
"382","IF Fuglafjordur","HB Torshavn",2.29,3.4,2.65,2012-06-30,2,0,2012,"ILF"
"376","Streymur","B36 Torshavn",1.6,3.6,4.75,2012-07-22,1,1,2012,"ILF"
"377","HB Torshavn","NSI Runavik",1.62,3.7,4.5,2012-07-22,2,4,2012,"ILF"
"378","TB Tvoroyri","Klaksvik",3.2,3.4,2,2012-07-22,1,6,2012,"ILF"
"379","Toftir","FC Suduroy",1.48,3.8,5.75,2012-07-22,2,0,2012,"ILF"
"373","IF Fuglafjordur","FC Suduroy",1.15,6,12.5,2012-07-27,3,2,2012,"ILF"
"374","Streymur","Toftir",1.33,4.4,7.75,2012-07-27,0,0,2012,"ILF"
"375","Klaksvik","Vikingur",2.5,3.3,2.45,2012-07-27,3,3,2012,"ILF"
"372","HB Torshavn","TB Tvoroyri",1.56,4,4.59,2012-07-28,4,1,2012,"ILF"
"371","B36 Torshavn","NSI Runavik",1.75,3.5,4,2012-07-29,5,1,2012,"ILF"
"370","Vikingur","IF Fuglafjordur",1.95,3.2,3.5,2012-08-01,1,4,2012,"ILF"
"369","Klaksvik","Streymur",2.54,2.95,2.65,2012-08-03,1,3,2012,"ILF"
"368","Toftir","HB Torshavn",2.45,3.25,2.54,2012-08-04,1,2,2012,"ILF"
"365","FC Suduroy","B36 Torshavn",8.5,5,1.26,2012-08-05,0,2,2012,"ILF"
"366","NSI Runavik","IF Fuglafjordur",2.5,3.4,2.4,2012-08-05,1,2,2012,"ILF"
"367","Vikingur","TB Tvoroyri",1.4,4.09,6.5,2012-08-05,1,0,2012,"ILF"
"364","HB Torshavn","Vikingur",2.29,3.4,2.6,2012-08-10,0,0,2012,"ILF"
"360","IF Fuglafjordur","Klaksvik",2.2,3.4,2.75,2012-08-11,5,2,2012,"ILF"
"361","Toftir","NSI Runavik",2.2,3.2,2.9,2012-08-11,1,1,2012,"ILF"
"362","Streymur","FC Suduroy",1.05,11,15,2012-08-11,4,2,2012,"ILF"
"363","TB Tvoroyri","B36 Torshavn",3.9,3.4,1.78,2012-08-11,0,0,2012,"ILF"
"359","Vikingur","Toftir",1.5,3.6,6,2012-08-18,2,0,2012,"ILF"
"355","B36 Torshavn","IF Fuglafjordur",1.85,3.5,3.5,2012-08-19,0,2,2012,"ILF"
"356","Streymur","TB Tvoroyri",1.22,5.25,10,2012-08-19,3,2,2012,"ILF"
"357","Klaksvik","HB Torshavn",2.29,3.4,2.6,2012-08-19,1,2,2012,"ILF"
"358","NSI Runavik","FC Suduroy",1.48,4,5.5,2012-08-19,5,1,2012,"ILF"
"350","FC Suduroy","TB Tvoroyri",6.5,4.09,1.4,2012-08-29,1,0,2012,"ILF"
"351","HB Torshavn","B36 Torshavn",2.04,3.5,2.95,2012-08-29,2,0,2012,"ILF"
"352","IF Fuglafjordur","Streymur",2.6,3.25,2.4,2012-08-29,1,1,2012,"ILF"
"353","NSI Runavik","Vikingur",3.3,3.4,1.95,2012-08-29,1,0,2012,"ILF"
"354","Toftir","Klaksvik",2.95,3.4,2.1,2012-08-29,1,3,2012,"ILF"
"345","B36 Torshavn","Toftir",1.6,3.5,5,2012-09-02,1,0,2012,"ILF"
"346","Streymur","HB Torshavn",1.65,3.6,4.4,2012-09-02,3,2,2012,"ILF"
"347","Klaksvik","NSI Runavik",1.8,3.6,3.6,2012-09-02,2,1,2012,"ILF"
"348","TB Tvoroyri","IF Fuglafjordur",4.59,3.5,1.65,2012-09-02,1,2,2012,"ILF"
"349","Vikingur","FC Suduroy",1.13,6.25,13.5,2012-09-02,3,1,2012,"ILF"
"341","B36 Torshavn","Streymur",2.85,3.3,2.2,2012-09-12,1,4,2012,"ILF"
"342","NSI Runavik","HB Torshavn",2.5,3.25,2.5,2012-09-12,2,0,2012,"ILF"
"343","Vikingur","IF Fuglafjordur",2.1,3.3,3,2012-09-12,0,3,2012,"ILF"
"344","Klaksvik","TB Tvoroyri",1.45,4,5.75,2012-09-12,1,1,2012,"ILF"
"340","B36 Torshavn","FC Suduroy",1.4,4.25,6.25,2012-09-15,3,1,2012,"ILF"
"336","Streymur","Klaksvik",1.5,3.9,5.25,2012-09-16,1,1,2012,"ILF"
"337","HB Torshavn","Toftir",1.45,4,5.75,2012-09-16,4,0,2012,"ILF"
"338","IF Fuglafjordur","NSI Runavik",1.5,3.8,5.5,2012-09-16,3,1,2012,"ILF"
"339","TB Tvoroyri","Vikingur",4.25,3.5,1.7,2012-09-16,2,2,2012,"ILF"
"331","FC Suduroy","HB Torshavn",5.75,3.7,1.5,2012-09-23,0,4,2012,"ILF"
"332","Klaksvik","B36 Torshavn",1.67,3.5,4.4,2012-09-23,3,4,2012,"ILF"
"333","NSI Runavik","TB Tvoroyri",1.65,3.6,4.4,2012-09-23,0,1,2012,"ILF"
"334","Toftir","IF Fuglafjordur",5,3.6,1.57,2012-09-23,0,0,2012,"ILF"
"335","Vikingur","Streymur",2.65,3.5,2.25,2012-09-23,2,3,2012,"ILF"
"326","FC Suduroy","IF Fuglafjordur",5.75,4,1.45,2012-09-29,1,4,2012,"ILF"
"327","HB Torshavn","TB Tvoroyri",1.35,4.4,7,2012-09-29,3,1,2012,"ILF"
"328","NSI Runavik","B36 Torshavn",2.35,3.1,2.75,2012-09-29,0,0,2012,"ILF"
"329","Toftir","Streymur",4.75,3.6,1.6,2012-09-29,0,1,2012,"ILF"
"330","Vikingur","Klaksvik",1.8,3.5,3.7,2012-09-29,4,3,2012,"ILF"
"321","B36 Torshavn","Vikingur",2.7,3.4,2.25,2012-10-06,1,1,2012,"ILF"
"322","Streymur","NSI Runavik",1.3,4.75,7.75,2012-10-06,3,2,2012,"ILF"
"323","IF Fuglafjordur","HB Torshavn",1.9,3.5,3.4,2012-10-06,0,0,2012,"ILF"
"324","Klaksvik","FC Suduroy",1.2,6,9,2012-10-06,7,1,2012,"ILF"
"325","TB Tvoroyri","Toftir",2.1,3.4,2.95,2012-10-06,1,4,2012,"ILF"
"585","Streymur","07 Vestur Sorvagur",1.2,6,9,2013-03-09,4,0,2013,"ILF"
"586","IF Fuglafjordur","AB Argir",1.45,4.2,5.5,2013-03-09,2,1,2013,"ILF"
"587","Klaksvik","TB Tvoroyri",1.44,4.25,5.5,2013-03-09,3,0,2013,"ILF"
"583","HB Torshavn","B36 Torshavn",2,3.4,3.2,2013-03-10,1,1,2013,"ILF"
"584","Vikingur","NSI Runavik",1.6,3.7,4.59,2013-03-10,2,1,2013,"ILF"
"582","B36 Torshavn","Vikingur",2.2,3.4,2.75,2013-03-15,4,0,2013,"ILF"
"578","07 Vestur Sorvagur","TB Tvoroyri",2.2,3.4,2.75,2013-03-16,4,1,2013,"ILF"
"579","Streymur","IF Fuglafjordur",1.55,3.8,5,2013-03-16,1,2,2013,"ILF"
"580","AB Argir","HB Torshavn",4,3.7,1.7,2013-03-16,1,3,2013,"ILF"
"581","NSI Runavik","Klaksvik",2.25,3.4,2.7,2013-03-16,2,3,2013,"ILF"
"573","Vikingur","AB Argir",1.25,5.25,8.25,2013-03-28,1,0,2013,"ILF"
"574","HB Torshavn","Streymur",2.15,3.4,2.85,2013-03-28,2,0,2013,"ILF"
"575","Klaksvik","B36 Torshavn",2.2,3.4,2.75,2013-03-28,1,1,2013,"ILF"
"576","TB Tvoroyri","NSI Runavik",3.4,3.5,1.9,2013-03-28,0,0,2013,"ILF"
"577","IF Fuglafjordur","07 Vestur Sorvagur",1.3,4.75,7.5,2013-03-28,3,1,2013,"ILF"
"568","IF Fuglafjordur","HB Torshavn",2.29,3.3,2.7,2013-04-01,0,2,2013,"ILF"
"569","AB Argir","Klaksvik",5.25,3.75,1.53,2013-04-01,1,3,2013,"ILF"
"570","07 Vestur Sorvagur","NSI Runavik",2.5,3.4,2.4,2013-04-01,1,1,2013,"ILF"
"571","B36 Torshavn","TB Tvoroyri",1.34,4.5,7,2013-04-01,1,1,2013,"ILF"
"572","Vikingur","Streymur",2.29,3.4,2.6,2013-04-01,3,0,2013,"ILF"
"564","HB Torshavn","07 Vestur Sorvagur",1.25,5.25,8.25,2013-04-07,0,0,2013,"ILF"
"565","NSI Runavik","B36 Torshavn",2.95,3.4,2.1,2013-04-07,1,0,2013,"ILF"
"566","TB Tvoroyri","AB Argir",1.9,3.5,3.4,2013-04-07,2,0,2013,"ILF"
"567","Vikingur","IF Fuglafjordur",2.29,3.4,2.6,2013-04-07,3,2,2013,"ILF"
"563","Klaksvik","Streymur",2.1,3.3,3,2013-04-10,1,1,2013,"ILF"
"562","AB Argir","NSI Runavik",5.25,4,1.5,2013-04-19,2,3,2013,"ILF"
"558","07 Vestur Sorvagur","B36 Torshavn",3.4,3.7,1.83,2013-04-21,0,3,2013,"ILF"
"559","Streymur","TB Tvoroyri",1.45,4.33,5.25,2013-04-21,2,2,2013,"ILF"
"560","HB Torshavn","Vikingur",2,3.4,3.2,2013-04-21,3,0,2013,"ILF"
"561","IF Fuglafjordur","Klaksvik",2,3.4,3.2,2013-04-21,3,3,2013,"ILF"
"553","B36 Torshavn","AB Argir",1.26,5.25,8,2013-04-25,1,1,2013,"ILF"
"554","Klaksvik","HB Torshavn",2.45,3.3,2.5,2013-04-25,3,4,2013,"ILF"
"555","NSI Runavik","Streymur",2.4,3.4,2.5,2013-04-25,2,0,2013,"ILF"
"556","Vikingur","07 Vestur Sorvagur",1.3,4.75,7.5,2013-04-25,2,2,2013,"ILF"
"557","TB Tvoroyri","IF Fuglafjordur",3.2,3.4,2,2013-04-25,2,2,2013,"ILF"
"548","B36 Torshavn","IF Fuglafjordur",2.1,3.4,2.95,2013-04-28,2,2,2013,"ILF"
"549","Streymur","AB Argir",1.53,3.75,5.25,2013-04-28,6,0,2013,"ILF"
"550","Klaksvik","07 Vestur Sorvagur",1.44,4.25,5.5,2013-04-28,5,2,2013,"ILF"
"551","NSI Runavik","HB Torshavn",2.95,3.4,2.1,2013-04-28,0,4,2013,"ILF"
"552","TB Tvoroyri","Vikingur",2.95,3.4,2.1,2013-04-28,1,0,2013,"ILF"
"547","Vikingur","Klaksvik",2.2,3.4,2.75,2013-05-10,1,1,2013,"ILF"
"543","07 Vestur Sorvagur","AB Argir",1.6,3.7,4.59,2013-05-12,1,1,2013,"ILF"
"544","Streymur","B36 Torshavn",2,3.4,3.2,2013-05-12,4,1,2013,"ILF"
"545","HB Torshavn","TB Tvoroyri",1.35,4.5,6.75,2013-05-12,3,0,2013,"ILF"
"546","IF Fuglafjordur","NSI Runavik",1.85,3.6,3.35,2013-05-12,3,3,2013,"ILF"
"542","AB Argir","IF Fuglafjordur",7.5,4.75,1.3,2013-05-18,0,1,2013,"ILF"
"538","07 Vestur Sorvagur","Streymur",5.5,4.2,1.45,2013-05-20,0,2,2013,"ILF"
"539","B36 Torshavn","HB Torshavn",2.95,3.4,2.1,2013-05-20,3,3,2013,"ILF"
"540","NSI Runavik","Vikingur",2.29,3.4,2.6,2013-05-20,3,0,2013,"ILF"
"541","TB Tvoroyri","Klaksvik",3.6,3.6,1.8,2013-05-20,1,1,2013,"ILF"
"537","IF Fuglafjordur","Streymur",2.29,3.4,2.6,2013-05-24,2,2,2013,"ILF"
"533","HB Torshavn","AB Argir",1.12,8,11,2013-05-26,5,1,2013,"ILF"
"534","Klaksvik","NSI Runavik",1.72,3.6,4,2013-05-26,1,1,2013,"ILF"
"535","TB Tvoroyri","07 Vestur Sorvagur",1.8,3.6,3.6,2013-05-26,2,0,2013,"ILF"
"536","Vikingur","B36 Torshavn",2.1,3.4,2.95,2013-05-26,1,1,2013,"ILF"
"532","Klaksvik","B36 Torshavn",1.95,3.4,3.3,2013-06-01,0,2,2013,"ILF"
"528","07 Vestur Sorvagur","IF Fuglafjordur",4.75,3.6,1.6,2013-06-02,1,3,2013,"ILF"
"529","AB Argir","Vikingur",6,4.4,1.4,2013-06-02,3,1,2013,"ILF"
"530","Streymur","HB Torshavn",2.5,3.25,2.5,2013-06-02,2,0,2013,"ILF"
"531","NSI Runavik","TB Tvoroyri",1.75,3.5,4,2013-06-02,0,0,2013,"ILF"
"526","Streymur","Vikingur",1.6,3.75,4.59,2013-06-15,0,0,2013,"ILF"
"527","NSI Runavik","07 Vestur Sorvagur",1.53,4.25,4.5,2013-06-15,2,1,2013,"ILF"
"523","HB Torshavn","IF Fuglafjordur",1.75,3.75,3.7,2013-06-16,0,0,2013,"ILF"
"524","Klaksvik","AB Argir",1.4,5,5,2013-06-16,1,1,2013,"ILF"
"525","TB Tvoroyri","B36 Torshavn",2.7,3.6,2.15,2013-06-16,0,0,2013,"ILF"
"522","IF Fuglafjordur","Vikingur",1.75,3.5,4,2013-06-21,2,1,2013,"ILF"
"521","B36 Torshavn","NSI Runavik",2.04,3.5,2.95,2013-06-22,3,1,2013,"ILF"
"518","07 Vestur Sorvagur","HB Torshavn",6,4.33,1.4,2013-06-23,1,2,2013,"ILF"
"519","AB Argir","TB Tvoroyri",3.7,3.4,1.83,2013-06-23,2,1,2013,"ILF"
"520","Streymur","Klaksvik",1.9,3.5,3.4,2013-06-23,4,3,2013,"ILF"
"513","TB Tvoroyri","Streymur",3.2,3.4,2,2013-06-28,0,2,2013,"ILF"
"514","AB Argir","NSI Runavik",5,3.8,1.55,2013-06-28,3,1,2013,"ILF"
"515","IF Fuglafjordur","Klaksvik",1.55,3.6,5.25,2013-06-28,3,1,2013,"ILF"
"516","Vikingur","HB Torshavn",3.6,3.6,1.8,2013-06-28,2,4,2013,"ILF"
"517","B36 Torshavn","07 Vestur Sorvagur",1.2,6,9,2013-06-28,0,0,2013,"ILF"
"510","AB Argir","B36 Torshavn",5,3.8,1.55,2013-07-21,3,2,2013,"ILF"
"511","HB Torshavn","Klaksvik",1.3,4.75,7.75,2013-07-21,3,0,2013,"ILF"
"512","IF Fuglafjordur","TB Tvoroyri",1.35,4.5,6.75,2013-07-21,4,3,2013,"ILF"
"508","AB Argir","Streymur",6,4.33,1.4,2013-07-27,3,1,2013,"ILF"
"509","07 Vestur Sorvagur","Klaksvik",3.2,3.4,2,2013-07-27,2,1,2013,"ILF"
"507","B36 Torshavn","IF Fuglafjordur",2.6,3.4,2.29,2013-07-28,1,2,2013,"ILF"
"505","HB Torshavn","NSI Runavik",1.35,4.5,6.75,2013-07-29,3,2,2013,"ILF"
"506","Vikingur","TB Tvoroyri",1.67,3.7,4.2,2013-07-29,3,1,2013,"ILF"
"501","Klaksvik","Vikingur",2.1,3.4,2.95,2013-08-04,1,2,2013,"ILF"
"502","TB Tvoroyri","HB Torshavn",6.75,4.5,1.35,2013-08-04,1,5,2013,"ILF"
"503","B36 Torshavn","Streymur",2.4,3.3,2.54,2013-08-04,2,0,2013,"ILF"
"504","NSI Runavik","IF Fuglafjordur",3.7,3.5,1.8,2013-08-04,3,2,2013,"ILF"
"500","AB Argir","07 Vestur Sorvagur",1.65,3.7,4.25,2013-08-05,2,0,2013,"ILF"
"499","Klaksvik","IF Fuglafjordur",2.6,3.4,2.29,2013-08-10,2,2,2013,"ILF"
"495","NSI Runavik","AB Argir",1.9,3.4,3.5,2013-08-11,1,1,2013,"ILF"
"496","07 Vestur Sorvagur","B36 Torshavn",4.75,3.8,1.57,2013-08-11,1,4,2013,"ILF"
"497","Streymur","TB Tvoroyri",1.45,4.2,5.5,2013-08-11,3,0,2013,"ILF"
"498","HB Torshavn","Vikingur",1.35,4.5,6.75,2013-08-11,1,3,2013,"ILF"
"490","B36 Torshavn","AB Argir",1.65,3.5,4.59,2013-08-18,2,1,2013,"ILF"
"491","Klaksvik","HB Torshavn",4.4,3.75,1.62,2013-08-18,3,3,2013,"ILF"
"492","NSI Runavik","Streymur",2.5,3.4,2.4,2013-08-18,1,0,2013,"ILF"
"493","TB Tvoroyri","IF Fuglafjordur",3.7,3.5,1.8,2013-08-18,0,1,2013,"ILF"
"494","Vikingur","07 Vestur Sorvagur",1.4,4.5,5.75,2013-08-18,3,1,2013,"ILF"
"489","Vikingur","NSI Runavik",1.8,3.5,3.7,2013-08-30,2,4,2013,"ILF"
"485","HB Torshavn","B36 Torshavn",1.91,3.4,3.4,2013-08-31,2,2,2013,"ILF"
"486","Streymur","07 Vestur Sorvagur",1.25,5,8.75,2013-08-31,4,0,2013,"ILF"
"487","IF Fuglafjordur","AB Argir",1.7,3.5,4.2,2013-08-31,3,2,2013,"ILF"
"488","Klaksvik","TB Tvoroyri",1.62,3.4,5,2013-08-31,2,3,2013,"ILF"
"481","07 Vestur Sorvagur","TB Tvoroyri",2.3,3.4,2.65,2013-09-15,2,1,2013,"ILF"
"482","B36 Torshavn","Vikingur",1.91,3.6,3.2,2013-09-15,3,2,2013,"ILF"
"483","Streymur","IF Fuglafjordur",2.1,3.5,2.9,2013-09-15,5,0,2013,"ILF"
"484","NSI Runavik","Klaksvik",1.78,3.6,3.7,2013-09-15,4,3,2013,"ILF"
"479","Streymur","NSI Runavik",1.7,3.75,3.9,2013-09-18,5,1,2013,"ILF"
"480","07 Vestur Sorvagur","Vikingur",4.6,3.9,1.57,2013-09-18,0,1,2013,"ILF"
"478","B36 Torshavn","Klaksvik",1.6,3.9,4.4,2013-09-20,2,1,2013,"ILF"
"474","HB Torshavn","Streymur",1.8,3.6,3.6,2013-09-22,4,0,2013,"ILF"
"475","IF Fuglafjordur","07 Vestur Sorvagur",1.3,4.75,7.75,2013-09-22,3,2,2013,"ILF"
"476","TB Tvoroyri","NSI Runavik",3.35,3.5,1.9,2013-09-22,1,4,2013,"ILF"
"477","Vikingur","AB Argir",1.5,3.8,5.5,2013-09-22,0,2,2013,"ILF"
"473","AB Argir","HB Torshavn",3.5,3.75,1.8,2013-09-25,2,1,2013,"ILF"
"472","Klaksvik","Streymur",2.8,3.4,2.2,2013-09-28,3,3,2013,"ILF"
"468","HB Torshavn","07 Vestur Sorvagur",1.11,7.75,12.5,2013-09-29,6,0,2013,"ILF"
"469","NSI Runavik","B36 Torshavn",2.4,3.4,2.5,2013-09-29,4,0,2013,"ILF"
"470","TB Tvoroyri","AB Argir",2.5,3.4,2.4,2013-09-29,2,0,2013,"ILF"
"471","Vikingur","IF Fuglafjordur",2.95,3.8,1.95,2013-09-29,2,1,2013,"ILF"
"467","AB Argir","Klaksvik",2.7,3.5,2.2,2013-10-05,0,1,2013,"ILF"
"463","IF Fuglafjordur","HB Torshavn",2.5,3.4,2.4,2013-10-06,3,1,2013,"ILF"
"464","07 Vestur Sorvagur","NSI Runavik",5.25,4,1.5,2013-10-06,2,4,2013,"ILF"
"465","B36 Torshavn","TB Tvoroyri",1.5,4,5.25,2013-10-06,2,1,2013,"ILF"
"466","Streymur","Vikingur",1.5,4,5.25,2013-10-06,0,2,2013,"ILF"
"458","07 Vestur Sorvagur","AB Argir",2.95,3.4,2.1,2013-10-20,0,3,2013,"ILF"
"459","Streymur","B36 Torshavn",1.8,3.6,3.6,2013-10-20,1,2,2013,"ILF"
"460","HB Torshavn","TB Tvoroyri",1.2,5.25,11.5,2013-10-20,1,0,2013,"ILF"
"461","IF Fuglafjordur","NSI Runavik",1.8,3.6,3.6,2013-10-20,3,1,2013,"ILF"
"462","Vikingur","Klaksvik",1.8,3.6,3.6,2013-10-20,3,0,2013,"ILF"
"453","AB Argir","Streymur",2.5,3.5,2.35,2013-10-26,0,3,2013,"ILF"
"454","IF Fuglafjordur","B36 Torshavn",3.1,3.5,2,2013-10-26,1,3,2013,"ILF"
"455","Klaksvik","07 Vestur Sorvagur",1.8,3.6,3.6,2013-10-26,7,1,2013,"ILF"
"456","NSI Runavik","HB Torshavn",2.1,3.5,2.9,2013-10-26,4,2,2013,"ILF"
"457","TB Tvoroyri","Vikingur",2.7,3.5,2.2,2013-10-26,1,1,2013,"ILF"
"698","Vikingur","AB Argir",1.6,3.7,4.6,2014-03-15,0,2,2014,"ILF"
"699","B36 Torshavn","Skala Itrottarfelag",1.34,4.5,7,2014-03-15,2,0,2014,"ILF"
"700","Streymur","HB Torshavn",2.9,3.2,2.2,2014-03-15,1,1,2014,"ILF"
"696","IF Fuglafjordur","Klaksvik",2.25,3.2,2.8,2014-03-16,1,3,2014,"ILF"
"697","NSI Runavik","Toftir",1.65,3.6,4.33,2014-03-16,1,0,2014,"ILF"
"693","HB Torshavn","IF Fuglafjordur",1.72,3.7,3.9,2014-03-22,3,1,2014,"ILF"
"694","Toftir","Streymur",4.75,4.25,1.5,2014-03-22,1,1,2014,"ILF"
"695","AB Argir","B36 Torshavn",2.7,3.5,2.2,2014-03-22,1,2,2014,"ILF"
"691","Klaksvik","Vikingur",1.8,3.6,3.6,2014-03-23,1,0,2014,"ILF"
"692","Skala Itrottarfelag","NSI Runavik",4.25,3.75,1.65,2014-03-23,1,5,2014,"ILF"
"690","B36 Torshavn","Vikingur",1.8,3.6,3.6,2014-03-28,2,2,2014,"ILF"
"686","Streymur","Skala Itrottarfelag",1.25,5.5,8,2014-03-30,3,0,2014,"ILF"
"687","HB Torshavn","Klaksvik",1.6,3.8,4.5,2014-03-30,2,0,2014,"ILF"
"688","IF Fuglafjordur","Toftir",1.65,3.7,4.25,2014-03-30,3,0,2014,"ILF"
"689","NSI Runavik","AB Argir",1.62,3.8,4.4,2014-03-30,3,0,2014,"ILF"
"685","B36 Torshavn","HB Torshavn",3.7,3.7,1.75,2014-04-11,1,1,2014,"ILF"
"681","AB Argir","Skala Itrottarfelag",1.6,3.8,4.5,2014-04-13,1,1,2014,"ILF"
"682","Streymur","Klaksvik",1.7,3.7,4,2014-04-13,3,1,2014,"ILF"
"683","Vikingur","Toftir",1.34,4.5,7,2014-04-13,1,0,2014,"ILF"
"684","IF Fuglafjordur","NSI Runavik",2,3.5,3.1,2014-04-13,2,1,2014,"ILF"
"676","IF Fuglafjordur","Streymur",2.5,3.4,2.4,2014-04-17,3,0,2014,"ILF"
"677","Skala Itrottarfelag","Vikingur",4.4,3.8,1.62,2014-04-17,1,1,2014,"ILF"
"678","HB Torshavn","NSI Runavik",1.7,3.7,4,2014-04-17,4,1,2014,"ILF"
"679","Klaksvik","AB Argir",1.6,3.8,4.5,2014-04-17,4,1,2014,"ILF"
"680","Toftir","B36 Torshavn",4.25,3.75,1.65,2014-04-17,2,4,2014,"ILF"
"671","Streymur","NSI Runavik",1.91,3.6,3.25,2014-04-21,0,0,2014,"ILF"
"672","HB Torshavn","Vikingur",1.6,3.9,4.4,2014-04-21,2,2,2014,"ILF"
"673","IF Fuglafjordur","B36 Torshavn",2.25,3.5,2.65,2014-04-21,2,5,2014,"ILF"
"674","Klaksvik","Skala Itrottarfelag",1.2,5.5,10.5,2014-04-21,1,0,2014,"ILF"
"675","Toftir","AB Argir",2.1,3.25,3.1,2014-04-21,3,2,2014,"ILF"
"670","Toftir","Skala Itrottarfelag",1.95,3.4,3.3,2014-05-02,0,0,2014,"ILF"
"669","NSI Runavik","Klaksvik",1.75,3.5,4,2014-05-03,1,1,2014,"ILF"
"666","B36 Torshavn","Streymur",2.3,3.3,2.7,2014-05-04,3,1,2014,"ILF"
"667","AB Argir","HB Torshavn",6.75,4.6,1.35,2014-05-04,0,3,2014,"ILF"
"668","Vikingur","IF Fuglafjordur",1.91,3.4,3.4,2014-05-04,1,1,2014,"ILF"
"665","Vikingur","NSI Runavik",1.91,3.4,3.4,2014-05-09,3,0,2014,"ILF"
"661","Streymur","AB Argir",1.2,5.75,9.75,2014-05-11,5,0,2014,"ILF"
"662","Klaksvik","B36 Torshavn",2.3,3.3,2.7,2014-05-11,1,3,2014,"ILF"
"663","Skala Itrottarfelag","IF Fuglafjordur",4.1,3.6,1.7,2014-05-11,2,2,2014,"ILF"
"664","Toftir","HB Torshavn",6,4.4,1.4,2014-05-11,0,4,2014,"ILF"
"660","HB Torshavn","Skala Itrottarfelag",1.16,6.25,11.5,2014-05-16,2,0,2014,"ILF"
"656","NSI Runavik","B36 Torshavn",2.85,3.3,2.2,2014-05-18,0,1,2014,"ILF"
"657","Streymur","Vikingur",1.91,3.4,3.4,2014-05-18,2,3,2014,"ILF"
"658","IF Fuglafjordur","AB Argir",1.55,4,4.6,2014-05-18,1,4,2014,"ILF"
"659","Toftir","Klaksvik",4.25,3.75,1.65,2014-05-18,5,3,2014,"ILF"
"652","AB Argir","NSI Runavik",4.1,3.6,1.7,2014-05-25,0,7,2014,"ILF"
"653","Klaksvik","HB Torshavn",3.7,3.3,1.85,2014-05-25,1,2,2014,"ILF"
"654","Skala Itrottarfelag","Streymur",5.5,3.8,1.5,2014-05-25,1,1,2014,"ILF"
"655","Vikingur","B36 Torshavn",2.2,3.3,2.85,2014-05-25,1,2,2014,"ILF"
"651","Toftir","IF Fuglafjordur",4.1,3.6,1.7,2014-05-26,1,1,2014,"ILF"
"650","Klaksvik","Vikingur",2.85,3.2,2.25,2014-05-31,2,4,2014,"ILF"
"646","B36 Torshavn","AB Argir",1.25,5,9,2014-06-01,1,1,2014,"ILF"
"647","Streymur","Toftir",1.3,4.75,7.5,2014-06-01,3,0,2014,"ILF"
"648","IF Fuglafjordur","HB Torshavn",3.7,3.5,1.8,2014-06-01,2,2,2014,"ILF"
"649","NSI Runavik","Skala Itrottarfelag",1.45,4.25,5.5,2014-06-01,6,1,2014,"ILF"
"641","Toftir","NSI Runavik",4.25,3.7,1.65,2014-06-09,0,2,2014,"ILF"
"642","Skala Itrottarfelag","B36 Torshavn",5.5,3.8,1.5,2014-06-09,0,3,2014,"ILF"
"643","AB Argir","Vikingur",5.5,3.8,1.5,2014-06-09,0,3,2014,"ILF"
"644","HB Torshavn","Streymur",1.8,3.6,3.6,2014-06-09,1,2,2014,"ILF"
"645","Klaksvik","IF Fuglafjordur",1.9,3.5,3.4,2014-06-09,4,0,2014,"ILF"
"638","NSI Runavik","HB Torshavn",2.3,3.2,2.75,2014-06-15,1,2,2014,"ILF"
"639","B36 Torshavn","Toftir",1.2,5.75,10,2014-06-15,3,0,2014,"ILF"
"640","Streymur","IF Fuglafjordur",1.6,3.5,5,2014-06-15,1,2,2014,"ILF"
"637","AB Argir","Klaksvik",3.5,3.2,1.95,2014-06-16,1,1,2014,"ILF"
"636","NSI Runavik","IF Fuglafjordur",1.65,3.5,4.5,2014-06-21,2,2,2014,"ILF"
"632","Toftir","Vikingur",3.9,3.75,1.7,2014-06-22,1,3,2014,"ILF"
"633","Skala Itrottarfelag","AB Argir",2,3.6,3,2014-06-22,0,0,2014,"ILF"
"634","HB Torshavn","B36 Torshavn",2.95,3.2,2.2,2014-06-22,2,2,2014,"ILF"
"635","Klaksvik","Streymur",3.4,3.6,1.85,2014-06-22,3,1,2014,"ILF"
"627","Vikingur","HB Torshavn",2.25,3.2,2.8,2014-06-27,0,0,2014,"ILF"
"628","AB Argir","Toftir",2.45,3,2.7,2014-06-27,3,2,2014,"ILF"
"629","B36 Torshavn","IF Fuglafjordur",1.5,4.1,5,2014-06-27,1,0,2014,"ILF"
"630","Skala Itrottarfelag","Klaksvik",3.4,3.6,1.85,2014-06-27,2,0,2014,"ILF"
"631","NSI Runavik","Streymur",2.1,3.2,3.1,2014-06-27,1,2,2014,"ILF"
"625","AB Argir","Streymur",4.6,3.9,1.57,2014-07-27,2,2,2014,"ILF"
"626","IF Fuglafjordur","Skala Itrottarfelag",1.4,4.33,6,2014-07-27,1,0,2014,"ILF"
"624","HB Torshavn","Toftir",1.2,6,9.25,2014-07-28,6,0,2014,"ILF"
"623","B36 Torshavn","Klaksvik",1.53,4.1,4.75,2014-07-29,2,1,2014,"ILF"
"622","Skala Itrottarfelag","Toftir",1.9,3.5,3.4,2014-08-02,1,0,2014,"ILF"
"619","Streymur","B36 Torshavn",2.5,3.4,2.4,2014-08-03,1,0,2014,"ILF"
"620","HB Torshavn","AB Argir",1.25,5.5,8,2014-08-03,1,2,2014,"ILF"
"621","Klaksvik","NSI Runavik",2.2,3.4,2.75,2014-08-03,2,2,2014,"ILF"
"618","Klaksvik","Toftir",1.45,4.33,5.25,2014-08-08,0,0,2014,"ILF"
"615","B36 Torshavn","NSI Runavik",1.8,3.4,3.8,2014-08-10,1,0,2014,"ILF"
"616","Skala Itrottarfelag","HB Torshavn",5.25,4.33,1.45,2014-08-10,0,1,2014,"ILF"
"617","AB Argir","IF Fuglafjordur",2.8,3,2.4,2014-08-10,2,0,2014,"ILF"
"614","Vikingur","Streymur",2.4,3.3,2.55,2014-08-11,1,1,2014,"ILF"
"609","B36 Torshavn","Skala Itrottarfelag",1.15,6,13.5,2014-08-17,2,0,2014,"ILF"
"610","Streymur","HB Torshavn",2.1,3.5,2.9,2014-08-17,0,3,2014,"ILF"
"611","IF Fuglafjordur","Klaksvik",2.4,3,2.75,2014-08-17,1,1,2014,"ILF"
"612","NSI Runavik","Toftir",1.55,3.7,5.25,2014-08-17,3,1,2014,"ILF"
"613","Vikingur","AB Argir",1.4,4.33,6.25,2014-08-17,2,2,2014,"ILF"
"604","Toftir","Streymur",5.25,3.7,1.55,2014-08-20,0,3,2014,"ILF"
"605","Skala Itrottarfelag","NSI Runavik",4.4,3.4,1.7,2014-08-20,2,3,2014,"ILF"
"606","AB Argir","B36 Torshavn",4.75,3.7,1.6,2014-08-20,0,3,2014,"ILF"
"607","HB Torshavn","IF Fuglafjordur",1.35,4.5,6.75,2014-08-20,2,0,2014,"ILF"
"608","Vikingur","Klaksvik",1.75,3.5,4,2014-08-20,1,1,2014,"ILF"
"600","B36 Torshavn","Klaksvik",1.42,4.6,5.25,2014-08-24,0,1,2014,"ILF"
"601","AB Argir","Streymur",4.2,3.7,1.67,2014-08-24,0,0,2014,"ILF"
"602","HB Torshavn","Toftir",1.15,6,13,2014-08-24,3,0,2014,"ILF"
"603","Vikingur","NSI Runavik",1.9,3.3,3.6,2014-08-24,6,1,2014,"ILF"
"599","Skala Itrottarfelag","IF Fuglafjordur",3.1,3.2,2.1,2014-08-25,0,2,2014,"ILF"
"594","B36 Torshavn","Vikingur",2.15,3.25,2.95,2014-09-14,0,2,2014,"ILF"
"595","Streymur","Skala Itrottarfelag",1.25,5,8.75,2014-09-14,3,1,2014,"ILF"
"596","IF Fuglafjordur","Toftir",1.65,3.6,4.4,2014-09-14,1,2,2014,"ILF"
"597","Klaksvik","HB Torshavn",3,3.3,2.1,2014-09-14,1,0,2014,"ILF"
"598","NSI Runavik","AB Argir",1.65,3.6,4.5,2014-09-14,3,1,2014,"ILF"
"593","NSI Runavik","Vikingur",2.4,3.3,2.55,2014-09-17,0,2,2014,"ILF"
"588","Streymur","NSI Runavik",2,3.1,3.5,2014-10-01,0,2,2014,"ILF"
"589","HB Torshavn","Vikingur",2.15,3.1,3.1,2014-10-01,2,1,2014,"ILF"
"590","Toftir","AB Argir",2.15,3.1,3.1,2014-10-01,1,2,2014,"ILF"
"591","IF Fuglafjordur","B36 Torshavn",3.4,3.25,1.95,2014-10-01,1,2,2014,"ILF"
"592","Klaksvik","Skala Itrottarfelag",1.6,3.6,4.75,2014-10-01,3,0,2014,"ILF"
"809","NSI Runavik","Streymur",1.57,4,4.4,2015-03-07,5,1,2015,"ILF"
"805","B36 Torshavn","Vikingur",1.8,3.4,3.8,2015-03-08,3,3,2015,"ILF"
"806","IF Fuglafjordur","HB Torshavn",2.45,3.3,2.5,2015-03-08,1,1,2015,"ILF"
"807","Klaksvik","FC Suduroy",1.28,6.25,6,2015-03-08,3,0,2015,"ILF"
"808","AB Argir","TB Tvoroyri",1.65,4,4,2015-03-08,1,1,2015,"ILF"
"803","Streymur","IF Fuglafjordur",3.4,3.6,1.85,2015-03-14,2,2,2015,"ILF"
"804","FC Suduroy","TB Tvoroyri",2.55,3.3,2.4,2015-03-14,1,3,2015,"ILF"
"800","AB Argir","Vikingur",4.2,4,1.6,2015-03-15,0,0,2015,"ILF"
"801","Klaksvik","HB Torshavn",3,3.5,2.05,2015-03-15,0,2,2015,"ILF"
"802","B36 Torshavn","NSI Runavik",1.8,3.6,3.6,2015-03-15,3,0,2015,"ILF"
"798","Streymur","AB Argir",2.4,3.3,2.55,2015-03-21,0,0,2015,"ILF"
"799","FC Suduroy","B36 Torshavn",9,6,1.2,2015-03-21,1,3,2015,"ILF"
"795","HB Torshavn","TB Tvoroyri",1.2,6,9,2015-03-22,0,0,2015,"ILF"
"796","NSI Runavik","IF Fuglafjordur",1.72,3.5,4,2015-03-22,3,1,2015,"ILF"
"797","Vikingur","Klaksvik",1.65,3.6,4.5,2015-03-22,3,3,2015,"ILF"
"790","B36 Torshavn","Klaksvik",1.55,4.1,4.5,2015-04-02,1,0,2015,"ILF"
"791","AB Argir","IF Fuglafjordur",2.5,3.2,2.5,2015-04-02,1,1,2015,"ILF"
"792","TB Tvoroyri","NSI Runavik",3.5,3.5,1.85,2015-04-02,2,3,2015,"ILF"
"793","Vikingur","FC Suduroy",1.25,5.75,7.25,2015-04-02,4,0,2015,"ILF"
"794","HB Torshavn","Streymur",1.44,4.25,5.5,2015-04-02,4,2,2015,"ILF"
"788","NSI Runavik","AB Argir",1.36,4.2,7.25,2015-04-18,2,1,2015,"ILF"
"789","FC Suduroy","HB Torshavn",6.75,4.6,1.34,2015-04-18,1,2,2015,"ILF"
"785","IF Fuglafjordur","B36 Torshavn",3.8,3.4,1.8,2015-04-19,3,1,2015,"ILF"
"786","Klaksvik","Streymur",2,3.4,3.2,2015-04-19,4,0,2015,"ILF"
"787","TB Tvoroyri","Vikingur",3.7,3.4,1.83,2015-04-19,2,2,2015,"ILF"
"780","HB Torshavn","B36 Torshavn",2.35,3.3,2.6,2015-04-26,1,3,2015,"ILF"
"781","Klaksvik","AB Argir",1.87,3.5,3.5,2015-04-26,2,1,2015,"ILF"
"782","TB Tvoroyri","IF Fuglafjordur",2.45,3.3,2.5,2015-04-26,1,1,2015,"ILF"
"783","Vikingur","NSI Runavik",2.7,3.3,2.3,2015-04-26,5,1,2015,"ILF"
"784","FC Suduroy","Streymur",2.35,3.3,2.6,2015-04-26,2,1,2015,"ILF"
"775","HB Torshavn","Vikingur",2.45,3.3,2.5,2015-05-03,2,1,2015,"ILF"
"776","B36 Torshavn","AB Argir",1.35,4.1,8,2015-05-03,1,1,2015,"ILF"
"777","Streymur","TB Tvoroyri",3.3,3.3,2,2015-05-03,0,3,2015,"ILF"
"778","IF Fuglafjordur","FC Suduroy",1.5,3.6,6,2015-05-03,2,3,2015,"ILF"
"779","NSI Runavik","Klaksvik",1.6,3.8,4.5,2015-05-03,3,0,2015,"ILF"
"774","IF Fuglafjordur","NSI Runavik",2.4,3.7,2.35,2015-05-08,0,3,2015,"ILF"
"771","AB Argir","Streymur",1.85,3.4,3.6,2015-05-10,1,2,2015,"ILF"
"772","Klaksvik","Vikingur",2.45,3.3,2.5,2015-05-10,3,2,2015,"ILF"
"773","TB Tvoroyri","HB Torshavn",3.25,3.3,2,2015-05-10,1,1,2015,"ILF"
"766","AB Argir","HB Torshavn",5,4.6,1.44,2015-05-17,0,1,2015,"ILF"
"767","Streymur","B36 Torshavn",6.75,4.33,1.36,2015-05-17,0,2,2015,"ILF"
"768","FC Suduroy","NSI Runavik",5.5,4.75,1.4,2015-05-17,1,3,2015,"ILF"
"769","IF Fuglafjordur","Vikingur",2.5,3.6,2.3,2015-05-17,1,3,2015,"ILF"
"770","Klaksvik","TB Tvoroyri",2,3.75,2.95,2015-05-17,1,0,2015,"ILF"
"761","Streymur","NSI Runavik",11,8,1.12,2015-05-25,0,8,2015,"ILF"
"762","HB Torshavn","IF Fuglafjordur",1.45,4.75,4.75,2015-05-25,1,0,2015,"ILF"
"763","Klaksvik","FC Suduroy",1.62,4.25,3.9,2015-05-25,2,1,2015,"ILF"
"764","TB Tvoroyri","AB Argir",1.4,4.33,6,2015-05-25,1,1,2015,"ILF"
"765","Vikingur","B36 Torshavn",2.45,3.4,2.45,2015-05-25,1,1,2015,"ILF"
"756","AB Argir","Klaksvik",5.75,4,1.45,2015-05-31,0,4,2015,"ILF"
"757","B36 Torshavn","HB Torshavn",2.25,3.3,2.75,2015-05-31,1,1,2015,"ILF"
"758","FC Suduroy","Streymur",1.45,4.75,4.75,2015-05-31,3,2,2015,"ILF"
"759","IF Fuglafjordur","TB Tvoroyri",2.45,3.5,2.4,2015-05-31,2,0,2015,"ILF"
"760","NSI Runavik","Vikingur",1.53,4.1,4.75,2015-05-31,2,4,2015,"ILF"
"752","B36 Torshavn","Klaksvik",1.5,3.8,5.5,2015-06-21,2,1,2015,"ILF"
"753","Streymur","HB Torshavn",8.5,6.75,1.18,2015-06-21,0,3,2015,"ILF"
"754","IF Fuglafjordur","AB Argir",1.41,4.5,5.5,2015-06-21,3,3,2015,"ILF"
"755","FC Suduroy","Vikingur",6.75,4.33,1.36,2015-06-21,1,3,2015,"ILF"
"751","IF Fuglafjordur","FC Suduroy",1.5,4,5.25,2015-06-25,3,3,2015,"ILF"
"748","AB Argir","B36 Torshavn",6.5,4.6,1.35,2015-06-26,1,3,2015,"ILF"
"749","Vikingur","HB Torshavn",2.1,3.3,3,2015-06-26,3,0,2015,"ILF"
"750","Klaksvik","NSI Runavik",2.45,3.4,2.45,2015-06-26,3,3,2015,"ILF"
"747","TB Tvoroyri","Streymur",1.4,4.6,5.5,2015-06-27,3,2,2015,"ILF"
"745","AB Argir","NSI Runavik",6.5,5.25,1.3,2015-07-27,1,2,2015,"ILF"
"746","Streymur","Klaksvik",5.5,3.8,1.5,2015-07-27,4,4,2015,"ILF"
"744","B36 Torshavn","IF Fuglafjordur",1.5,3.8,5.5,2015-07-28,4,0,2015,"ILF"
"743","HB Torshavn","FC Suduroy",1.22,5.5,9,2015-07-29,0,0,2015,"ILF"
"739","B36 Torshavn","FC Suduroy",1.2,5.25,12,2015-08-02,1,0,2015,"ILF"
"740","Streymur","AB Argir",2.4,3.6,2.4,2015-08-02,0,4,2015,"ILF"
"741","Vikingur","Klaksvik",1.4,4.2,6.5,2015-08-02,1,1,2015,"ILF"
"742","HB Torshavn","TB Tvoroyri",1.36,4.6,6.25,2015-08-02,2,2,2015,"ILF"
"738","NSI Runavik","IF Fuglafjordur",1.35,4.4,7,2015-08-03,5,1,2015,"ILF"
"737","Klaksvik","HB Torshavn",2.1,3.6,2.8,2015-08-07,2,0,2015,"ILF"
"733","AB Argir","Vikingur",7,4,1.4,2015-08-09,0,0,2015,"ILF"
"734","B36 Torshavn","NSI Runavik",2.3,3.3,2.7,2015-08-09,3,0,2015,"ILF"
"735","FC Suduroy","TB Tvoroyri",3.4,3.4,1.91,2015-08-09,2,2,2015,"ILF"
"736","IF Fuglafjordur","Streymur",1.4,4,7,2015-08-09,4,1,2015,"ILF"
"728","Streymur","B36 Torshavn",11,6.5,1.16,2015-08-16,0,5,2015,"ILF"
"729","HB Torshavn","AB Argir",1.48,3.75,6,2015-08-16,3,1,2015,"ILF"
"730","NSI Runavik","FC Suduroy",1.33,4.5,7.25,2015-08-16,5,1,2015,"ILF"
"731","TB Tvoroyri","Klaksvik",4.5,3.3,1.7,2015-08-16,1,1,2015,"ILF"
"732","Vikingur","IF Fuglafjordur",1.45,3.75,6.5,2015-08-16,4,2,2015,"ILF"
"723","B36 Torshavn","Vikingur",1.67,4.4,3.5,2015-08-23,1,0,2015,"ILF"
"724","AB Argir","TB Tvoroyri",3.2,3.25,2.05,2015-08-23,3,0,2015,"ILF"
"725","FC Suduroy","Klaksvik",3.7,3.6,1.77,2015-08-23,0,2,2015,"ILF"
"726","IF Fuglafjordur","HB Torshavn",3.5,3.5,1.85,2015-08-23,2,2,2015,"ILF"
"727","NSI Runavik","Streymur",1.1,7.5,14,2015-08-23,6,0,2015,"ILF"
"721","HB Torshavn","B36 Torshavn",3.1,3.3,2.05,2015-08-27,1,2,2015,"ILF"
"722","Klaksvik","AB Argir",1.35,4.5,6.75,2015-08-27,1,3,2015,"ILF"
"716","AB Argir","FC Suduroy",1.5,4.5,4.5,2015-09-13,2,1,2015,"ILF"
"717","B36 Torshavn","TB Tvoroyri",1.13,7,12.5,2015-09-13,2,1,2015,"ILF"
"718","Streymur","Vikingur",11.5,6.5,1.15,2015-09-13,2,1,2015,"ILF"
"719","IF Fuglafjordur","Klaksvik",2.95,3.4,2.1,2015-09-13,1,1,2015,"ILF"
"720","NSI Runavik","HB Torshavn",1.87,3.5,3.5,2015-09-13,0,0,2015,"ILF"
"711","AB Argir","IF Fuglafjordur",1.75,3.6,3.75,2015-09-20,2,2,2015,"ILF"
"712","HB Torshavn","Streymur",1.16,6.5,10.5,2015-09-20,6,0,2015,"ILF"
"713","Klaksvik","B36 Torshavn",3.6,3.8,1.75,2015-09-20,2,1,2015,"ILF"
"714","TB Tvoroyri","NSI Runavik",4.5,3.75,1.6,2015-09-20,2,2,2015,"ILF"
"715","Vikingur","FC Suduroy",1.2,5.75,9.5,2015-09-20,3,1,2015,"ILF"
"706","B36 Torshavn","AB Argir",1.33,5,6.5,2015-09-27,2,2,2015,"ILF"
"707","Streymur","TB Tvoroyri",4.75,3.8,1.57,2015-09-27,2,2,2015,"ILF"
"708","FC Suduroy","IF Fuglafjordur",2.35,3.4,2.55,2015-09-27,5,2,2015,"ILF"
"709","NSI Runavik","Klaksvik",1.62,3.7,4.4,2015-09-27,4,1,2015,"ILF"
"710","Vikingur","HB Torshavn",1.75,3.6,3.9,2015-09-27,3,2,2015,"ILF"
"701","AB Argir","NSI Runavik",4.5,4.33,1.53,2015-10-03,0,1,2015,"ILF"
"702","HB Torshavn","FC Suduroy",1.4,4.5,5.5,2015-10-03,2,0,2015,"ILF"
"703","IF Fuglafjordur","B36 Torshavn",6,5,1.36,2015-10-03,1,3,2015,"ILF"
"704","Klaksvik","Streymur",1.3,4.75,7.5,2015-10-03,6,1,2015,"ILF"
"705","TB Tvoroyri","Vikingur",5,5,1.4,2015-10-03,0,2,2015,"ILF"
"925","IF Fuglafjordur","Vikingur",2.9,3.6,2.05,2016-03-19,2,2,2016,"ILF"
"926","NSI Runavik","Skala Itrottarfelag",1.33,5,6.5,2016-03-19,2,0,2016,"ILF"
"922","HB Torshavn","Klaksvik",2.1,3.5,2.85,2016-03-20,4,2,2016,"ILF"
"923","TB Tvoroyri","AB Argir",1.57,3.9,4.6,2016-03-20,1,0,2016,"ILF"
"924","Toftir","B36 Torshavn",5.75,3.9,1.48,2016-03-20,1,4,2016,"ILF"
"918","B36 Torshavn","AB Argir",1.35,4.75,6.25,2016-04-03,2,1,2016,"ILF"
"919","Klaksvik","Skala Itrottarfelag",1.75,3.5,4,2016-04-03,2,0,2016,"ILF"
"920","TB Tvoroyri","HB Torshavn",3.6,3.4,1.85,2016-04-03,0,1,2016,"ILF"
"921","Vikingur","Toftir",1.28,5.25,7,2016-04-03,4,0,2016,"ILF"
"917","Skala Itrottarfelag","HB Torshavn",6.25,4.75,1.35,2016-04-09,0,3,2016,"ILF"
"913","AB Argir","Vikingur",6,4.2,1.42,2016-04-10,2,2,2016,"ILF"
"914","B36 Torshavn","TB Tvoroyri",1.28,4.75,8.25,2016-04-10,0,0,2016,"ILF"
"915","IF Fuglafjordur","Klaksvik",2.9,3.3,2.15,2016-04-10,0,4,2016,"ILF"
"916","Toftir","NSI Runavik",6.75,4.75,1.33,2016-04-10,0,5,2016,"ILF"
"908","HB Torshavn","AB Argir",1.35,4.5,6.75,2016-04-17,0,0,2016,"ILF"
"909","Klaksvik","B36 Torshavn",4.1,3.5,1.72,2016-04-17,1,1,2016,"ILF"
"910","NSI Runavik","Vikingur",1.8,3.5,3.7,2016-04-17,1,3,2016,"ILF"
"911","Skala Itrottarfelag","Toftir",1.72,3.5,4.1,2016-04-17,0,0,2016,"ILF"
"912","TB Tvoroyri","IF Fuglafjordur",2.15,3.2,3,2016-04-17,0,3,2016,"ILF"
"905","AB Argir","Klaksvik",3.4,3.9,1.78,2016-04-21,1,1,2016,"ILF"
"906","B36 Torshavn","NSI Runavik",2.1,3.3,3,2016-04-21,3,1,2016,"ILF"
"907","IF Fuglafjordur","Skala Itrottarfelag",1.62,3.5,4.75,2016-04-21,2,2,2016,"ILF"
"904","TB Tvoroyri","NSI Runavik",4.2,3.75,1.65,2016-04-27,2,1,2016,"ILF"
"900","Toftir","IF Fuglafjordur",3.8,3.5,1.78,2016-04-28,1,2,2016,"ILF"
"901","AB Argir","Skala Itrottarfelag",1.85,3.3,3.7,2016-04-28,0,0,2016,"ILF"
"902","B36 Torshavn","HB Torshavn",2.25,3.25,2.8,2016-04-28,3,2,2016,"ILF"
"903","Vikingur","Klaksvik",1.7,3.4,4.33,2016-04-28,0,2,2016,"ILF"
"895","IF Fuglafjordur","HB Torshavn",3.4,3.4,1.91,2016-05-01,4,2,2016,"ILF"
"896","Klaksvik","Toftir",1.34,4.75,6.5,2016-05-01,4,1,2016,"ILF"
"897","NSI Runavik","AB Argir",1.35,4.6,6.5,2016-05-01,2,1,2016,"ILF"
"898","Skala Itrottarfelag","TB Tvoroyri",1.95,3.2,3.5,2016-05-01,5,1,2016,"ILF"
"899","Vikingur","B36 Torshavn",2.45,3.4,2.45,2016-05-01,1,0,2016,"ILF"
"890","IF Fuglafjordur","NSI Runavik",2.6,3.5,2.25,2016-05-12,0,2,2016,"ILF"
"891","TB Tvoroyri","HB Torshavn",3.8,3.6,1.75,2016-05-12,0,0,2016,"ILF"
"892","AB Argir","B36 Torshavn",6.5,5.25,1.3,2016-05-12,2,3,2016,"ILF"
"893","Skala Itrottarfelag","Klaksvik",3.6,3.5,1.83,2016-05-12,0,1,2016,"ILF"
"894","Toftir","Vikingur",6.25,5.5,1.3,2016-05-12,2,2,2016,"ILF"
"885","B36 Torshavn","Toftir",1.2,6,8.75,2016-05-16,3,1,2016,"ILF"
"886","AB Argir","TB Tvoroyri",2.6,3.3,2.4,2016-05-16,3,2,2016,"ILF"
"887","Klaksvik","HB Torshavn",2.15,3.4,2.85,2016-05-16,1,0,2016,"ILF"
"888","NSI Runavik","Skala Itrottarfelag",1.3,5.5,6.25,2016-05-16,1,0,2016,"ILF"
"889","Vikingur","IF Fuglafjordur",1.42,4,6.25,2016-05-16,3,1,2016,"ILF"
"884","Skala Itrottarfelag","Vikingur",5.25,4.75,1.42,2016-05-21,1,3,2016,"ILF"
"880","HB Torshavn","NSI Runavik",1.91,3.5,3.3,2016-05-22,3,4,2016,"ILF"
"881","IF Fuglafjordur","B36 Torshavn",5.5,4.6,1.4,2016-05-22,0,0,2016,"ILF"
"882","TB Tvoroyri","Klaksvik",6,5,1.35,2016-05-22,0,1,2016,"ILF"
"883","Toftir","AB Argir",2.5,3.4,2.4,2016-05-22,2,2,2016,"ILF"
"879","Klaksvik","NSI Runavik",2.3,3.4,2.6,2016-06-05,4,0,2016,"ILF"
"874","Skala Itrottarfelag","AB Argir",1.95,3.5,3.2,2016-06-12,1,0,2016,"ILF"
"875","HB Torshavn","B36 Torshavn",2.6,3.4,2.3,2016-06-12,0,0,2016,"ILF"
"876","IF Fuglafjordur","Toftir",1.45,4.2,5.5,2016-06-12,4,0,2016,"ILF"
"877","Klaksvik","Vikingur",2.1,3.5,2.85,2016-06-12,2,0,2016,"ILF"
"878","TB Tvoroyri","NSI Runavik",4.5,3.5,1.67,2016-06-12,3,1,2016,"ILF"
"873","NSI Runavik","Vikingur",2.25,3.2,2.8,2016-06-18,4,2,2016,"ILF"
"869","B36 Torshavn","Klaksvik",2.15,3.3,2.95,2016-06-19,0,1,2016,"ILF"
"870","AB Argir","HB Torshavn",4.5,3.8,1.6,2016-06-19,0,1,2016,"ILF"
"871","IF Fuglafjordur","TB Tvoroyri",1.65,3.5,4.5,2016-06-19,2,2,2016,"ILF"
"872","Toftir","Skala Itrottarfelag",2.15,3.3,2.95,2016-06-19,1,1,2016,"ILF"
"868","NSI Runavik","B36 Torshavn",2.2,3.4,2.8,2016-06-23,2,1,2016,"ILF"
"864","Klaksvik","AB Argir",1.25,5.5,7.75,2016-06-24,5,1,2016,"ILF"
"865","Skala Itrottarfelag","IF Fuglafjordur",2.65,3.25,2.35,2016-06-24,1,0,2016,"ILF"
"866","TB Tvoroyri","Vikingur",4.75,4.33,1.5,2016-06-24,0,2,2016,"ILF"
"867","HB Torshavn","Toftir",1.2,6,9,2016-06-24,6,1,2016,"ILF"
"859","HB Torshavn","Skala Itrottarfelag",1.33,4.6,7.25,2016-07-24,1,0,2016,"ILF"
"860","Klaksvik","IF Fuglafjordur",1.33,4.5,7.5,2016-07-24,2,4,2016,"ILF"
"861","NSI Runavik","Toftir",1.25,5,9.5,2016-07-24,2,1,2016,"ILF"
"862","TB Tvoroyri","B36 Torshavn",6.25,4.33,1.4,2016-07-24,0,1,2016,"ILF"
"863","Vikingur","AB Argir",1.3,4.75,7.75,2016-07-24,3,0,2016,"ILF"
"858","AB Argir","NSI Runavik",5.75,4.5,1.4,2016-07-27,1,2,2016,"ILF"
"857","HB Torshavn","IF Fuglafjordur",1.48,4.33,5,2016-07-28,1,0,2016,"ILF"
"856","B36 Torshavn","Vikingur",2,3.5,3.1,2016-07-29,0,2,2016,"ILF"
"854","Skala Itrottarfelag","TB Tvoroyri",1.85,3.5,3.5,2016-07-31,0,1,2016,"ILF"
"855","Toftir","Klaksvik",5,5,1.4,2016-07-31,0,3,2016,"ILF"
"853","Klaksvik","Skala Itrottarfelag",1.3,5.25,6.5,2016-08-05,5,0,2016,"ILF"
"849","HB Torshavn","TB Tvoroyri",1.35,4.75,6.25,2016-08-07,4,1,2016,"ILF"
"850","Vikingur","Toftir",1.3,5.25,6.75,2016-08-07,5,1,2016,"ILF"
"851","B36 Torshavn","AB Argir",1.33,5,6.25,2016-08-07,2,1,2016,"ILF"
"852","NSI Runavik","IF Fuglafjordur",1.4,4.5,5.75,2016-08-07,7,1,2016,"ILF"
"848","IF Fuglafjordur","Vikingur",3.5,3.6,1.83,2016-08-12,1,3,2016,"ILF"
"844","HB Torshavn","Klaksvik",2.75,3.25,2.3,2016-08-14,2,3,2016,"ILF"
"845","Skala Itrottarfelag","NSI Runavik",5,5,1.4,2016-08-14,0,2,2016,"ILF"
"846","TB Tvoroyri","AB Argir",1.72,3.5,4.1,2016-08-14,2,1,2016,"ILF"
"847","Toftir","B36 Torshavn",6.75,5.25,1.3,2016-08-14,0,1,2016,"ILF"
"840","AB Argir","Toftir",2,3.25,3.3,2016-08-21,5,0,2016,"ILF"
"841","B36 Torshavn","IF Fuglafjordur",1.4,4.25,6.25,2016-08-21,4,1,2016,"ILF"
"842","NSI Runavik","HB Torshavn",2,3.25,3.3,2016-08-21,0,0,2016,"ILF"
"843","Vikingur","Skala Itrottarfelag",1.22,5.75,8.5,2016-08-21,4,0,2016,"ILF"
"835","HB Torshavn","Vikingur",2.45,3.3,2.5,2016-09-11,0,1,2016,"ILF"
"836","IF Fuglafjordur","AB Argir",1.95,3.4,3.3,2016-09-11,2,0,2016,"ILF"
"837","NSI Runavik","Klaksvik",2.25,3.2,2.8,2016-09-11,2,0,2016,"ILF"
"838","Skala Itrottarfelag","B36 Torshavn",5,4.33,1.48,2016-09-11,0,2,2016,"ILF"
"839","TB Tvoroyri","Toftir",1.57,4,4.4,2016-09-11,4,1,2016,"ILF"
"830","AB Argir","Skala Itrottarfelag",1.8,3.25,4,2016-09-18,0,2,2016,"ILF"
"831","B36 Torshavn","HB Torshavn",2,3.2,3.4,2016-09-18,2,2,2016,"ILF"
"832","NSI Runavik","TB Tvoroyri",1.25,5,9,2016-09-18,2,1,2016,"ILF"
"833","Toftir","IF Fuglafjordur",4.6,4,1.55,2016-09-18,0,2,2016,"ILF"
"834","Vikingur","Klaksvik",2.1,3.2,3.1,2016-09-18,1,2,2016,"ILF"
"825","HB Torshavn","AB Argir",1.4,4.4,6,2016-09-25,1,2,2016,"ILF"
"826","Klaksvik","B36 Torshavn",1.91,3.4,3.4,2016-09-25,2,2,2016,"ILF"
"827","Skala Itrottarfelag","Toftir",1.34,4.75,6.5,2016-09-25,5,1,2016,"ILF"
"828","TB Tvoroyri","IF Fuglafjordur",2.15,3.3,2.9,2016-09-25,3,2,2016,"ILF"
"829","Vikingur","NSI Runavik",2.15,3.3,2.9,2016-09-25,2,0,2016,"ILF"
"820","AB Argir","Klaksvik",6,4.75,1.36,2016-10-02,3,1,2016,"ILF"
"821","B36 Torshavn","NSI Runavik",2.05,3.3,3.1,2016-10-02,2,0,2016,"ILF"
"822","IF Fuglafjordur","Skala Itrottarfelag",2,3.3,3.3,2016-10-02,1,1,2016,"ILF"
"823","Toftir","HB Torshavn",6.5,5.25,1.3,2016-10-02,0,1,2016,"ILF"
"824","Vikingur","TB Tvoroyri",1.2,6.75,7.75,2016-10-02,1,0,2016,"ILF"
"815","HB Torshavn","IF Fuglafjordur",1.44,4,6,2016-10-16,4,1,2016,"ILF"
"816","Klaksvik","Toftir",1.07,8.25,19.5,2016-10-16,6,0,2016,"ILF"
"817","NSI Runavik","AB Argir",1.25,5,9,2016-10-16,4,1,2016,"ILF"
"818","TB Tvoroyri","Skala Itrottarfelag",1.75,3.5,4,2016-10-16,1,1,2016,"ILF"
"819","Vikingur","B36 Torshavn",1.8,3.6,3.6,2016-10-16,2,0,2016,"ILF"
"810","AB Argir","Vikingur",9,5,1.25,2016-10-22,1,3,2016,"ILF"
"811","B36 Torshavn","TB Tvoroyri",1.2,5.75,10,2016-10-22,5,2,2016,"ILF"
"812","IF Fuglafjordur","Klaksvik",8.25,4.5,1.3,2016-10-22,1,3,2016,"ILF"
"813","Skala Itrottarfelag","HB Torshavn",9,3.9,1.35,2016-10-22,2,2,2016,"ILF"
"814","Toftir","NSI Runavik",17.5,7,1.1,2016-10-22,1,3,2016,"ILF"
"1050","HB Torshavn","07 Vestur Sorvagur",1.4,4.4,6,2017-03-12,2,0,2017,"ILF"
"1051","Klaksvik","Skala Itrottarfelag",1.25,5,9,2017-03-12,0,0,2017,"ILF"
"1052","NSI Runavik","Streymur",1.18,6.5,9.25,2017-03-12,1,1,2017,"ILF"
"1053","Vikingur","B36 Torshavn",2,3.25,3.3,2017-03-12,1,1,2017,"ILF"
"1045","07 Vestur Sorvagur","TB Tvoroyri",2.4,3.25,2.6,2017-03-19,0,1,2017,"ILF"
"1046","B36 Torshavn","Klaksvik",2.75,3.3,2.25,2017-03-19,1,1,2017,"ILF"
"1047","IF Fuglafjordur","Streymur",1.75,3.5,4,2017-03-19,3,1,2017,"ILF"
"1048","NSI Runavik","Vikingur",2.35,3.25,2.65,2017-03-19,0,1,2017,"ILF"
"1049","Skala Itrottarfelag","HB Torshavn",5,4.5,1.45,2017-03-19,0,0,2017,"ILF"
"1044","B36 Torshavn","NSI Runavik",1.87,3.4,3.5,2017-04-08,2,2,2017,"ILF"
"1040","07 Vestur Sorvagur","Klaksvik",6,5.25,1.33,2017-04-09,0,2,2017,"ILF"
"1041","Streymur","TB Tvoroyri",3.5,3.3,1.91,2017-04-09,1,0,2017,"ILF"
"1042","IF Fuglafjordur","HB Torshavn",6,4,1.45,2017-04-09,0,0,2017,"ILF"
"1043","Vikingur","Skala Itrottarfelag",1.2,6.5,8,2017-04-09,1,0,2017,"ILF"
"1035","Streymur","Vikingur",6.5,4.6,1.35,2017-04-17,1,5,2017,"ILF"
"1036","HB Torshavn","B36 Torshavn",2.45,3.4,2.45,2017-04-17,2,2,2017,"ILF"
"1037","IF Fuglafjordur","07 Vestur Sorvagur",1.6,3.75,4.5,2017-04-17,0,1,2017,"ILF"
"1038","Klaksvik","NSI Runavik",2.15,3.2,3,2017-04-17,2,2,2017,"ILF"
"1039","TB Tvoroyri","Skala Itrottarfelag",1.85,3.4,3.6,2017-04-17,2,0,2017,"ILF"
"1034","Skala Itrottarfelag","IF Fuglafjordur",2.95,3.4,2.1,2017-04-22,0,0,2017,"ILF"
"1030","Streymur","07 Vestur Sorvagur",2.1,3.4,2.95,2017-04-23,0,2,2017,"ILF"
"1031","NSI Runavik","HB Torshavn",2.15,3.3,2.9,2017-04-23,1,0,2017,"ILF"
"1032","Vikingur","Klaksvik",2.15,3.3,2.95,2017-04-23,2,2,2017,"ILF"
"1033","TB Tvoroyri","B36 Torshavn",5.75,4.6,1.4,2017-04-23,3,2,2017,"ILF"
"1029","B36 Torshavn","IF Fuglafjordur",1.36,4.6,6.25,2017-04-29,4,0,2017,"ILF"
"1025","07 Vestur Sorvagur","Skala Itrottarfelag",2,3.25,3.3,2017-04-30,1,1,2017,"ILF"
"1026","HB Torshavn","Vikingur",2.4,3.25,2.6,2017-04-30,2,2,2017,"ILF"
"1027","Klaksvik","Streymur",1.19,6,9.5,2017-04-30,1,0,2017,"ILF"
"1028","TB Tvoroyri","NSI Runavik",4,3.7,1.7,2017-04-30,1,3,2017,"ILF"
"1020","Klaksvik","IF Fuglafjordur",1.25,5.25,8.5,2017-05-06,3,1,2017,"ILF"
"1021","NSI Runavik","Skala Itrottarfelag",1.25,5,9,2017-05-06,1,1,2017,"ILF"
"1022","Vikingur","07 Vestur Sorvagur",1.25,5.25,8.5,2017-05-06,2,2,2017,"ILF"
"1023","Streymur","B36 Torshavn",7.25,5,1.3,2017-05-06,0,0,2017,"ILF"
"1024","HB Torshavn","TB Tvoroyri",1.35,5,6,2017-05-06,2,1,2017,"ILF"
"1019","NSI Runavik","IF Fuglafjordur",1.35,4.5,6.75,2017-05-20,3,0,2017,"ILF"
"1015","B36 Torshavn","07 Vestur Sorvagur",1.28,4.75,8.25,2017-05-21,4,0,2017,"ILF"
"1016","Klaksvik","HB Torshavn",1.95,3.4,3.25,2017-05-21,1,0,2017,"ILF"
"1017","Skala Itrottarfelag","Streymur",2,3.2,3.4,2017-05-21,3,2,2017,"ILF"
"1018","Vikingur","TB Tvoroyri",1.2,5.75,9.5,2017-05-21,3,0,2017,"ILF"
"1011","HB Torshavn","IF Fuglafjordur",1.4,4.25,6.25,2017-05-28,4,2,2017,"ILF"
"1012","Klaksvik","07 Vestur Sorvagur",1.2,5.5,11,2017-05-28,1,0,2017,"ILF"
"1013","TB Tvoroyri","Streymur",1.5,4.1,5,2017-05-28,1,2,2017,"ILF"
"1014","Vikingur","Skala Itrottarfelag",1.16,6.5,11,2017-05-28,4,0,2017,"ILF"
"1010","NSI Runavik","B36 Torshavn",2.15,3.2,3,2017-05-29,1,1,2017,"ILF"
"1009","Skala Itrottarfelag","Klaksvik",5,3.9,1.53,2017-06-02,1,2,2017,"ILF"
"1005","07 Vestur Sorvagur","HB Torshavn",5,4.5,1.45,2017-06-03,1,4,2017,"ILF"
"1006","IF Fuglafjordur","TB Tvoroyri",1.9,3.3,3.6,2017-06-03,0,4,2017,"ILF"
"1007","B36 Torshavn","Vikingur",2.2,3.4,2.8,2017-06-03,3,5,2017,"ILF"
"1008","Streymur","NSI Runavik",5.75,4.5,1.4,2017-06-03,0,3,2017,"ILF"
"1000","Streymur","Vikingur",10,5.25,1.22,2017-06-14,0,1,2017,"ILF"
"1001","07 Vestur Sorvagur","IF Fuglafjordur",2.35,3.3,2.65,2017-06-14,3,2,2017,"ILF"
"1002","B36 Torshavn","HB Torshavn",2.05,3.2,3.25,2017-06-14,2,2,2017,"ILF"
"1003","NSI Runavik","Klaksvik",2.2,3.6,2.65,2017-06-14,2,2,2017,"ILF"
"1004","Skala Itrottarfelag","TB Tvoroyri",2,3.3,3.25,2017-06-14,2,2,2017,"ILF"
"995","HB Torshavn","Skala Itrottarfelag",1.3,4.75,7.75,2017-06-18,1,2,2017,"ILF"
"996","IF Fuglafjordur","Streymur",1.85,3.4,3.6,2017-06-18,1,2,2017,"ILF"
"997","Klaksvik","B36 Torshavn",1.85,3.4,3.6,2017-06-18,1,5,2017,"ILF"
"998","TB Tvoroyri","07 Vestur Sorvagur",1.75,3.5,4,2017-06-18,3,1,2017,"ILF"
"999","Vikingur","NSI Runavik",2.05,3.3,3.1,2017-06-18,1,2,2017,"ILF"
"990","TB Tvoroyri","HB Torshavn",3.5,3.7,1.8,2017-06-23,0,0,2017,"ILF"
"991","07 Vestur Sorvagur","Vikingur",7,5,1.3,2017-06-23,2,4,2017,"ILF"
"992","IF Fuglafjordur","Klaksvik",7,5,1.3,2017-06-23,1,4,2017,"ILF"
"993","Skala Itrottarfelag","NSI Runavik",6,4.4,1.4,2017-06-23,2,1,2017,"ILF"
"994","Streymur","B36 Torshavn",7,5,1.3,2017-06-23,1,2,2017,"ILF"
"989","Vikingur","IF Fuglafjordur",1.09,8,14,2017-07-21,4,0,2017,"ILF"
"986","B36 Torshavn","Skala Itrottarfelag",1.36,4.4,6.75,2017-07-23,2,1,2017,"ILF"
"987","Streymur","HB Torshavn",5.25,4.1,1.48,2017-07-23,2,1,2017,"ILF"
"988","Klaksvik","TB Tvoroyri",1.25,5,9.25,2017-07-23,4,1,2017,"ILF"
"983","IF Fuglafjordur","NSI Runavik",11,6.75,1.15,2017-07-27,0,3,2017,"ILF"
"984","Skala Itrottarfelag","Streymur",1.95,3.4,3.3,2017-07-27,1,1,2017,"ILF"
"985","TB Tvoroyri","Vikingur",6.25,5.5,1.3,2017-07-27,0,3,2017,"ILF"
"982","B36 Torshavn","07 Vestur Sorvagur",1.19,6,9.75,2017-07-28,2,0,2017,"ILF"
"981","HB Torshavn","Klaksvik",2.95,3.5,2.05,2017-07-29,2,1,2017,"ILF"
"976","B36 Torshavn","IF Fuglafjordur",1.28,5,8,2017-08-06,5,2,2017,"ILF"
"977","Streymur","Klaksvik",6.25,5.5,1.3,2017-08-06,2,1,2017,"ILF"
"978","NSI Runavik","TB Tvoroyri",1.25,5.5,8,2017-08-06,4,0,2017,"ILF"
"979","Skala Itrottarfelag","07 Vestur Sorvagur",1.65,4,4,2017-08-06,0,1,2017,"ILF"
"980","Vikingur","HB Torshavn",1.5,4.1,5,2017-08-06,1,3,2017,"ILF"
"975","Klaksvik","Vikingur",2.45,3.7,2.3,2017-08-11,1,1,2017,"ILF"
"971","07 Vestur Sorvagur","Streymur",2,3.9,2.8,2017-08-12,2,2,2017,"ILF"
"972","HB Torshavn","NSI Runavik",3,3.6,2,2017-08-12,4,1,2017,"ILF"
"973","IF Fuglafjordur","Skala Itrottarfelag",2.85,3.5,2.1,2017-08-12,0,1,2017,"ILF"
"974","TB Tvoroyri","B36 Torshavn",5.25,4.4,1.45,2017-08-12,0,1,2017,"ILF"
"970","B36 Torshavn","NSI Runavik",2.25,3.6,2.6,2017-08-16,2,0,2017,"ILF"
"966","HB Torshavn","07 Vestur Sorvagur",1.22,5.5,9.5,2017-08-20,3,0,2017,"ILF"
"967","NSI Runavik","Streymur",1.26,5.5,7.5,2017-08-20,3,2,2017,"ILF"
"968","TB Tvoroyri","IF Fuglafjordur",1.75,4,3.5,2017-08-20,1,0,2017,"ILF"
"969","Vikingur","B36 Torshavn",2,3.9,2.85,2017-08-20,4,2,2017,"ILF"
"962","07 Vestur Sorvagur","Klaksvik",7,5.5,1.28,2017-08-24,1,1,2017,"ILF"
"963","Streymur","TB Tvoroyri",2.1,3.6,2.8,2017-08-24,2,2,2017,"ILF"
"964","IF Fuglafjordur","HB Torshavn",7.5,5,1.28,2017-08-24,2,1,2017,"ILF"
"965","Skala Itrottarfelag","Vikingur",6,4.4,1.4,2017-08-24,1,2,2017,"ILF"
"957","HB Torshavn","TB Tvoroyri",1.25,5.5,8,2017-09-10,3,1,2017,"ILF"
"958","B36 Torshavn","Streymur",1.22,5.5,9,2017-09-10,1,0,2017,"ILF"
"959","Klaksvik","IF Fuglafjordur",1.25,5,9.25,2017-09-10,4,0,2017,"ILF"
"960","NSI Runavik","Skala Itrottarfelag",1.4,4,7,2017-09-10,3,4,2017,"ILF"
"961","Vikingur","07 Vestur Sorvagur",1.15,6.5,12,2017-09-10,3,1,2017,"ILF"
"952","Klaksvik","Streymur",1.25,5.5,8,2017-09-16,6,0,2017,"ILF"
"953","07 Vestur Sorvagur","Skala Itrottarfelag",2.8,3.6,2.1,2017-09-16,5,0,2017,"ILF"
"954","IF Fuglafjordur","B36 Torshavn",7,5,1.3,2017-09-16,1,5,2017,"ILF"
"955","HB Torshavn","Vikingur",2.8,3.75,2.05,2017-09-16,1,2,2017,"ILF"
"956","TB Tvoroyri","NSI Runavik",5.5,4.75,1.4,2017-09-16,0,0,2017,"ILF"
"947","Skala Itrottarfelag","IF Fuglafjordur",1.45,4,6,2017-09-20,2,1,2017,"ILF"
"948","B36 Torshavn","TB Tvoroyri",1.25,5,9,2017-09-20,3,0,2017,"ILF"
"949","Streymur","07 Vestur Sorvagur",1.8,3.75,3.5,2017-09-20,3,0,2017,"ILF"
"950","NSI Runavik","HB Torshavn",1.85,3.6,3.4,2017-09-20,2,3,2017,"ILF"
"951","Vikingur","Klaksvik",2,3.6,3,2017-09-20,0,0,2017,"ILF"
"942","07 Vestur Sorvagur","B36 Torshavn",7,5,1.3,2017-09-24,4,3,2017,"ILF"
"943","Streymur","Skala Itrottarfelag",2.35,3.25,2.65,2017-09-24,1,2,2017,"ILF"
"944","IF Fuglafjordur","NSI Runavik",9,6,1.2,2017-09-24,0,2,2017,"ILF"
"945","Klaksvik","HB Torshavn",1.7,3.7,4,2017-09-24,0,0,2017,"ILF"
"946","Vikingur","TB Tvoroyri",1.17,6,11,2017-09-24,2,3,2017,"ILF"
"937","07 Vestur Sorvagur","NSI Runavik",6.25,5,1.33,2017-10-01,2,3,2017,"ILF"
"938","HB Torshavn","Streymur",1.33,5,6.5,2017-10-01,2,3,2017,"ILF"
"939","IF Fuglafjordur","Vikingur",9.25,6,1.2,2017-10-01,1,5,2017,"ILF"
"940","Skala Itrottarfelag","B36 Torshavn",4.5,4.25,1.53,2017-10-01,2,3,2017,"ILF"
"941","TB Tvoroyri","Klaksvik",5.5,4.5,1.42,2017-10-01,0,0,2017,"ILF"
"932","07 Vestur Sorvagur","TB Tvoroyri",2.1,3.8,2.7,2017-10-15,3,1,2017,"ILF"
"933","B36 Torshavn","Klaksvik",1.85,3.7,3.3,2017-10-15,1,3,2017,"ILF"
"934","Streymur","IF Fuglafjordur",1.5,4.1,5,2017-10-15,2,4,2017,"ILF"
"935","NSI Runavik","Vikingur",2.8,3.6,2.1,2017-10-15,2,1,2017,"ILF"
"936","Skala Itrottarfelag","HB Torshavn",3.75,3.7,1.75,2017-10-15,0,0,2017,"ILF"
"927","HB Torshavn","B36 Torshavn",2.45,3.25,2.55,2017-10-21,1,1,2017,"ILF"
"928","IF Fuglafjordur","07 Vestur Sorvagur",2.15,3.7,2.7,2017-10-21,1,5,2017,"ILF"
"929","Klaksvik","NSI Runavik",1.95,3.1,3.6,2017-10-21,3,1,2017,"ILF"
"930","TB Tvoroyri","Skala Itrottarfelag",2.15,3.3,2.9,2017-10-21,0,2,2017,"ILF"
"931","Vikingur","Streymur",1.22,5.75,8.5,2017-10-21,1,2,2017,"ILF"
"1152","HB Torshavn","Klaksvik",2.4,3.6,2.4,2018-03-11,0,3,2018,"ILF"
"1150","AB Argir","Skala Itrottarfelag",1.91,3.4,3.4,2018-04-02,0,2,2018,"ILF"
"1151","B36 Torshavn","HB Torshavn",1.8,3.4,3.8,2018-04-02,1,1,2018,"ILF"
"1146","Streymur","HB Torshavn",4.1,4.1,1.62,2018-04-08,0,1,2018,"ILF"
"1147","Klaksvik","AB Argir",1.33,5,6.5,2018-04-08,3,1,2018,"ILF"
"1148","NSI Runavik","07 Vestur Sorvagur",1.2,6.25,8.75,2018-04-08,3,1,2018,"ILF"
"1149","Vikingur","B36 Torshavn",2,3.75,2.9,2018-04-08,2,1,2018,"ILF"
"1145","AB Argir","Vikingur",6,4.33,1.4,2018-04-12,1,2,2018,"ILF"
"1141","07 Vestur Sorvagur","B36 Torshavn",7.25,5.25,1.28,2018-04-15,0,3,2018,"ILF"
"1142","Streymur","Vikingur",4.5,3.8,1.6,2018-04-15,1,1,2018,"ILF"
"1143","NSI Runavik","HB Torshavn",1.8,3.7,3.5,2018-04-15,1,2,2018,"ILF"
"1144","Skala Itrottarfelag","Klaksvik",5.5,4.33,1.44,2018-04-15,0,0,2018,"ILF"
"1137","Vikingur","07 Vestur Sorvagur",1.18,6.25,10,2018-04-22,4,1,2018,"ILF"
"1138","NSI Runavik","Skala Itrottarfelag",1.4,4.5,5.75,2018-04-22,1,0,2018,"ILF"
"1139","B36 Torshavn","AB Argir",1.25,5.5,8,2018-04-22,2,1,2018,"ILF"
"1140","Klaksvik","Streymur",1.36,4.5,6.5,2018-04-22,2,0,2018,"ILF"
"1133","AB Argir","NSI Runavik",6,4.75,1.36,2018-04-29,0,2,2018,"ILF"
"1134","HB Torshavn","07 Vestur Sorvagur",1.3,5,7,2018-04-29,3,0,2018,"ILF"
"1135","B36 Torshavn","Klaksvik",2.25,4,2.4,2018-04-29,3,2,2018,"ILF"
"1136","Streymur","Skala Itrottarfelag",2.1,3.5,2.9,2018-04-29,0,0,2018,"ILF"
"1129","HB Torshavn","AB Argir",1.28,5.5,6.75,2018-05-06,5,0,2018,"ILF"
"1130","Klaksvik","Vikingur",2.05,3.7,2.85,2018-05-06,1,2,2018,"ILF"
"1131","NSI Runavik","B36 Torshavn",2.25,3.7,2.5,2018-05-06,0,2,2018,"ILF"
"1132","Skala Itrottarfelag","07 Vestur Sorvagur",1.5,4.33,4.75,2018-05-06,2,1,2018,"ILF"
"1124","B36 Torshavn","Skala Itrottarfelag",1.4,4.33,6,2018-05-13,5,1,2018,"ILF"
"1125","07 Vestur Sorvagur","TB Tvoroyri",2.55,3.9,2.15,2018-05-13,0,3,2018,"ILF"
"1126","AB Argir","Streymur",2.5,3.6,2.3,2018-05-13,2,0,2018,"ILF"
"1127","Klaksvik","NSI Runavik",2,3.6,3,2018-05-13,1,1,2018,"ILF"
"1128","Vikingur","HB Torshavn",1.9,4,3,2018-05-13,1,2,2018,"ILF"
"1120","HB Torshavn","Streymur",1.3,5,7,2018-05-21,1,0,2018,"ILF"
"1121","AB Argir","Klaksvik",5,4.6,1.44,2018-05-21,0,2,2018,"ILF"
"1122","07 Vestur Sorvagur","NSI Runavik",8.5,5.75,1.22,2018-05-21,0,5,2018,"ILF"
"1123","B36 Torshavn","Vikingur",1.91,3.75,3.1,2018-05-21,2,1,2018,"ILF"
"1118","AB Argir","HB Torshavn",6,4.4,1.4,2018-05-27,0,1,2018,"ILF"
"1119","B36 Torshavn","NSI Runavik",1.8,3.5,3.7,2018-05-27,2,3,2018,"ILF"
"1116","HB Torshavn","07 Vestur Sorvagur",1.14,7.25,11,2018-06-03,3,1,2018,"ILF"
"1117","Klaksvik","B36 Torshavn",2.05,3.5,3,2018-06-03,3,1,2018,"ILF"
"1115","NSI Runavik","Vikingur",2,3.75,2.9,2018-06-16,1,2,2018,"ILF"
"1111","Streymur","07 Vestur Sorvagur",1.55,4.2,4.5,2018-06-17,2,1,2018,"ILF"
"1112","HB Torshavn","B36 Torshavn",1.91,3.8,3.1,2018-06-17,2,1,2018,"ILF"
"1113","Skala Itrottarfelag","AB Argir",1.72,3.75,3.8,2018-06-17,2,0,2018,"ILF"
"1114","TB Tvoroyri","Klaksvik",7,4.75,1.33,2018-06-17,0,1,2018,"ILF"
"1107","Streymur","Klaksvik",5.5,4.25,1.45,2018-06-22,0,1,2018,"ILF"
"1108","07 Vestur Sorvagur","Vikingur",9.25,5,1.25,2018-06-22,0,1,2018,"ILF"
"1109","AB Argir","B36 Torshavn",5.5,4.5,1.42,2018-06-22,1,4,2018,"ILF"
"1110","Skala Itrottarfelag","NSI Runavik",5,4.1,1.5,2018-06-22,1,1,2018,"ILF"
"1106","Vikingur","Streymur",1.33,5.25,6,2018-06-27,3,1,2018,"ILF"
"1104","Klaksvik","Skala Itrottarfelag",1.3,5,7.25,2018-07-27,3,1,2018,"ILF"
"1105","AB Argir","TB Tvoroyri",2.5,3.7,2.25,2018-07-27,0,4,2018,"ILF"
"1103","HB Torshavn","NSI Runavik",1.72,3.75,3.75,2018-07-28,0,2,2018,"ILF"
"1099","HB Torshavn","Skala Itrottarfelag",1.4,4.6,5.5,2018-08-05,2,1,2018,"ILF"
"1100","Klaksvik","07 Vestur Sorvagur",1.07,8.5,17,2018-08-05,3,0,2018,"ILF"
"1101","NSI Runavik","Streymur",1.35,4.75,6.25,2018-08-05,5,0,2018,"ILF"
"1102","Vikingur","AB Argir",1.12,8.5,10.5,2018-08-05,3,0,2018,"ILF"
"1098","TB Tvoroyri","B36 Torshavn",6,4.33,1.4,2018-08-06,1,1,2018,"ILF"
"1096","Klaksvik","HB Torshavn",1.85,3.7,3.3,2018-08-10,0,1,2018,"ILF"
"1097","B36 Torshavn","Streymur",1.3,5,7,2018-08-10,2,2,2018,"ILF"
"1093","07 Vestur Sorvagur","AB Argir",2.3,3.8,2.4,2018-08-12,1,0,2018,"ILF"
"1094","NSI Runavik","TB Tvoroyri",1.3,5,7,2018-08-12,1,0,2018,"ILF"
"1095","Skala Itrottarfelag","Vikingur",4.1,4.1,1.6,2018-08-12,0,2,2018,"ILF"
"1092","B36 Torshavn","Klaksvik",2.5,3.7,2.25,2018-08-16,2,1,2018,"ILF"
"1087","AB Argir","B36 Torshavn",5.5,4.75,1.4,2018-08-19,1,1,2018,"ILF"
"1088","HB Torshavn","TB Tvoroyri",1.3,5,7,2018-08-19,4,0,2018,"ILF"
"1089","Klaksvik","Streymur",1.26,5.25,7.75,2018-08-19,3,0,2018,"ILF"
"1090","NSI Runavik","Skala Itrottarfelag",1.35,4.6,6.5,2018-08-19,2,0,2018,"ILF"
"1091","Vikingur","07 Vestur Sorvagur",1.17,6.5,9.75,2018-08-19,1,4,2018,"ILF"
"1084","Streymur","Skala Itrottarfelag",2.2,3.4,2.75,2018-08-23,1,1,2018,"ILF"
"1085","AB Argir","NSI Runavik",11.5,6.25,1.16,2018-08-23,0,2,2018,"ILF"
"1086","Vikingur","TB Tvoroyri",1.33,4.75,6.75,2018-08-23,0,2,2018,"ILF"
"1083","Klaksvik","Vikingur",2.15,3.7,2.65,2018-08-31,1,1,2018,"ILF"
"1079","Skala Itrottarfelag","07 Vestur Sorvagur",1.55,4,4.6,2018-09-01,5,0,2018,"ILF"
"1080","HB Torshavn","AB Argir",1.18,6.75,8.75,2018-09-01,3,0,2018,"ILF"
"1081","NSI Runavik","B36 Torshavn",2,3.75,2.9,2018-09-01,1,2,2018,"ILF"
"1082","TB Tvoroyri","Streymur",2.3,3.6,2.5,2018-09-01,2,1,2018,"ILF"
"1074","07 Vestur Sorvagur","B36 Torshavn",9.75,6.25,1.18,2018-09-16,1,3,2018,"ILF"
"1075","Streymur","Vikingur",3.6,3.9,1.75,2018-09-16,2,2,2018,"ILF"
"1076","HB Torshavn","NSI Runavik",2.4,3.6,2.4,2018-09-16,2,1,2018,"ILF"
"1077","Skala Itrottarfelag","Klaksvik",4.6,3.9,1.57,2018-09-16,1,0,2018,"ILF"
"1078","TB Tvoroyri","AB Argir",1.65,4,4,2018-09-16,0,1,2018,"ILF"
"1069","B36 Torshavn","Streymur",1.4,4.75,5.5,2018-09-23,5,1,2018,"ILF"
"1070","AB Argir","07 Vestur Sorvagur",2.15,3.9,2.55,2018-09-23,1,2,2018,"ILF"
"1071","Klaksvik","HB Torshavn",2.25,3.6,2.6,2018-09-23,1,2,2018,"ILF"
"1072","TB Tvoroyri","NSI Runavik",5.5,4.75,1.4,2018-09-23,2,2,2018,"ILF"
"1073","Vikingur","Skala Itrottarfelag",1.4,4.5,5.75,2018-09-23,2,2,2018,"ILF"
"1068","B36 Torshavn","07 Vestur Sorvagur",1.13,6.75,13,2018-09-26,2,0,2018,"ILF"
"1066","Klaksvik","AB Argir",1.16,6.25,11.5,2018-09-30,3,0,2018,"ILF"
"1067","Vikingur","B36 Torshavn",2.2,3.6,2.65,2018-09-30,1,1,2018,"ILF"
"1061","B36 Torshavn","TB Tvoroyri",1.33,5,6.5,2018-10-06,1,0,2018,"ILF"
"1062","Streymur","NSI Runavik",5,4.5,1.45,2018-10-06,2,4,2018,"ILF"
"1063","Skala Itrottarfelag","HB Torshavn",4.75,4,1.55,2018-10-06,0,1,2018,"ILF"
"1064","07 Vestur Sorvagur","Klaksvik",8.5,5.75,1.22,2018-10-06,4,2,2018,"ILF"
"1065","AB Argir","Vikingur",6.5,4.75,1.34,2018-10-06,1,0,2018,"ILF"
"1060","B36 Torshavn","HB Torshavn",2.4,3.6,2.4,2018-10-21,1,3,2018,"ILF"
"1059","AB Argir","Skala Itrottarfelag",1.91,3.75,3.1,2018-10-23,2,4,2018,"ILF"
"1054","Streymur","AB Argir",1.7,3.8,3.9,2018-10-27,0,2,2018,"ILF"
"1055","HB Torshavn","Vikingur",1.2,6.25,8.75,2018-10-27,2,1,2018,"ILF"
"1056","NSI Runavik","Klaksvik",1.95,3.7,3.1,2018-10-27,2,1,2018,"ILF"
"1057","Skala Itrottarfelag","B36 Torshavn",3.9,3.8,1.7,2018-10-27,1,5,2018,"ILF"
"1058","TB Tvoroyri","07 Vestur Sorvagur",1.7,4,3.7,2018-10-27,1,0,2018,"ILF"
"1225","TB Tvoroyri","AB Argir",1.8,3.4,3.8,2019-03-10,2,1,2019,"ILF"
"1224","HB Torshavn","NSI Runavik",1.8,3.6,3.6,2019-03-17,1,1,2019,"ILF"
"1222","Skala Itrottarfelag","NSI Runavik",4.5,3.75,1.6,2019-03-30,2,0,2019,"ILF"
"1223","AB Argir","B36 Torshavn",7.5,5,1.28,2019-03-30,1,2,2019,"ILF"
"1221","HB Torshavn","Vikingur",1.4,5,5,2019-03-31,3,1,2019,"ILF"
"1220","NSI Runavik","Vikingur",1.83,3.5,3.6,2019-04-06,4,2,2019,"ILF"
"1219","B36 Torshavn","HB Torshavn",3,3.6,2,2019-04-07,2,1,2019,"ILF"
"1218","Klaksvik","NSI Runavik",2.2,3.7,2.6,2019-04-14,2,0,2019,"ILF"
"1213","NSI Runavik","IF Fuglafjordur",1.2,6,9.25,2019-04-18,3,1,2019,"ILF"
"1214","HB Torshavn","AB Argir",1.25,5.5,7.75,2019-04-18,4,3,2019,"ILF"
"1215","B36 Torshavn","Klaksvik",2,3.4,3.2,2019-04-18,0,3,2019,"ILF"
"1216","Skala Itrottarfelag","Streymur",1.6,4,4.25,2019-04-18,1,2,2019,"ILF"
"1217","TB Tvoroyri","Vikingur",2.1,3.3,3,2019-04-18,1,2,2019,"ILF"
"1212","HB Torshavn","Skala Itrottarfelag",1.62,4,4.1,2019-04-28,0,2,2019,"ILF"
"1211","Streymur","IF Fuglafjordur",1.44,4.4,5.25,2019-04-29,0,2,2019,"ILF"
"1209","NSI Runavik","B36 Torshavn",2.15,3.5,2.8,2019-04-30,2,1,2019,"ILF"
"1210","AB Argir","Vikingur",4.1,4.1,1.62,2019-04-30,1,3,2019,"ILF"
"1208","NSI Runavik","AB Argir",1.16,7,9.25,2019-05-12,5,1,2019,"ILF"
"1206","Skala Itrottarfelag","Klaksvik",3,3.75,1.95,2019-05-13,0,1,2019,"ILF"
"1207","Vikingur","Streymur",1.45,4.25,5.5,2019-05-13,1,1,2019,"ILF"
"1205","IF Fuglafjordur","Vikingur",6,4.75,1.36,2019-05-17,0,4,2019,"ILF"
"1204","AB Argir","TB Tvoroyri",2.6,3.7,2.2,2019-05-19,2,2,2019,"ILF"
"1201","B36 Torshavn","AB Argir",1.25,5.5,7.75,2019-05-26,4,1,2019,"ILF"
"1202","Klaksvik","Streymur",1.25,5.25,8.5,2019-05-26,4,0,2019,"ILF"
"1203","TB Tvoroyri","IF Fuglafjordur",1.4,4.5,5.75,2019-05-26,1,0,2019,"ILF"
"1200","Vikingur","HB Torshavn",2.9,3.75,2,2019-05-27,1,0,2019,"ILF"
"1199","NSI Runavik","TB Tvoroyri",1.1,9,11,2019-06-01,3,1,2019,"ILF"
"1195","Klaksvik","AB Argir",1.1,8.75,11.5,2019-06-02,2,1,2019,"ILF"
"1196","HB Torshavn","Streymur",1.25,5,9,2019-06-02,6,4,2019,"ILF"
"1197","IF Fuglafjordur","B36 Torshavn",7.75,5,1.28,2019-06-02,1,3,2019,"ILF"
"1198","Vikingur","Skala Itrottarfelag",1.85,3.5,3.5,2019-06-02,2,1,2019,"ILF"
"1194","Skala Itrottarfelag","Klaksvik",3.4,4.2,1.72,2019-06-14,0,2,2019,"ILF"
"1192","NSI Runavik","AB Argir",1.1,8,13.5,2019-06-15,2,0,2019,"ILF"
"1193","Streymur","Vikingur",5.5,4.5,1.42,2019-06-15,1,4,2019,"ILF"
"1191","IF Fuglafjordur","HB Torshavn",7.25,5.25,1.28,2019-06-16,1,5,2019,"ILF"
"1190","AB Argir","Vikingur",6.75,6,1.26,2019-06-23,0,3,2019,"ILF"
"1189","Streymur","Skala Itrottarfelag",2.75,3.4,2.2,2019-06-28,0,1,2019,"ILF"
"1188","Vikingur","TB Tvoroyri",1.36,4.75,6,2019-06-29,3,1,2019,"ILF"
"1186","AB Argir","Streymur",2.5,3.7,2.25,2019-07-27,1,1,2019,"ILF"
"1187","HB Torshavn","TB Tvoroyri",1.15,6.5,11.5,2019-07-27,3,0,2019,"ILF"
"1185","B36 Torshavn","Vikingur",2.4,4,2.25,2019-07-28,2,1,2019,"ILF"
"1182","Streymur","TB Tvoroyri",2.3,3.3,2.7,2019-08-04,0,2,2019,"ILF"
"1183","Skala Itrottarfelag","AB Argir",1.3,5,7,2019-08-04,0,1,2019,"ILF"
"1184","Vikingur","NSI Runavik",2.25,4,2.4,2019-08-04,2,3,2019,"ILF"
"1180","IF Fuglafjordur","Klaksvik",9.75,7,1.16,2019-08-05,0,3,2019,"ILF"
"1181","HB Torshavn","B36 Torshavn",2.2,3.9,2.5,2019-08-05,0,0,2019,"ILF"
"1179","Klaksvik","Vikingur",2,3.3,3.25,2019-08-09,2,0,2019,"ILF"
"1175","NSI Runavik","HB Torshavn",2.15,3.5,2.8,2019-08-11,1,1,2019,"ILF"
"1176","AB Argir","IF Fuglafjordur",2.6,3.2,2.4,2019-08-11,3,1,2019,"ILF"
"1177","B36 Torshavn","Streymur",1.12,7,13.5,2019-08-11,3,0,2019,"ILF"
"1178","TB Tvoroyri","Skala Itrottarfelag",2.6,3.5,2.25,2019-08-11,0,2,2019,"ILF"
"1173","Klaksvik","Skala Itrottarfelag",1.36,4.5,6.5,2019-08-17,2,2,2019,"ILF"
"1174","B36 Torshavn","TB Tvoroyri",1.18,6,10.5,2019-08-17,3,1,2019,"ILF"
"1170","AB Argir","NSI Runavik",9,6,1.2,2019-08-18,1,5,2019,"ILF"
"1171","HB Torshavn","IF Fuglafjordur",1.05,9,21,2019-08-18,6,0,2019,"ILF"
"1172","Vikingur","Streymur",1.2,6,9.25,2019-08-18,2,1,2019,"ILF"
"1169","Klaksvik","B36 Torshavn",2.1,3.6,2.8,2019-08-21,0,2,2019,"ILF"
"1168","HB Torshavn","Vikingur",1.9,3.5,3.4,2019-08-25,3,1,2019,"ILF"
"1165","NSI Runavik","Streymur",1.06,10,14,2019-09-01,3,0,2019,"ILF"
"1166","B36 Torshavn","Skala Itrottarfelag",1.25,5.5,7.75,2019-09-01,1,0,2019,"ILF"
"1167","Klaksvik","HB Torshavn",2.1,3.6,2.8,2019-09-01,3,1,2019,"ILF"
"1162","NSI Runavik","B36 Torshavn",2.1,4,2.6,2019-09-15,0,3,2019,"ILF"
"1163","HB Torshavn","Skala Itrottarfelag",1.4,4.6,5.5,2019-09-15,3,0,2019,"ILF"
"1164","Vikingur","AB Argir",1.17,6.75,9,2019-09-15,1,1,2019,"ILF"
"1161","NSI Runavik","Klaksvik",2.25,3.7,2.5,2019-09-18,0,1,2019,"ILF"
"1159","AB Argir","Klaksvik",8,5.5,1.25,2019-09-22,0,2,2019,"ILF"
"1160","B36 Torshavn","IF Fuglafjordur",1.11,8.25,12,2019-09-22,7,2,2019,"ILF"
"1158","Streymur","HB Torshavn",5.5,5.25,1.36,2019-09-25,1,0,2019,"ILF"
"1157","B36 Torshavn","HB Torshavn",1.75,3.6,3.8,2019-09-29,2,2,2019,"ILF"
"1156","Streymur","B36 Torshavn",6,5.25,1.33,2019-10-05,0,4,2019,"ILF"
"1155","Klaksvik","NSI Runavik",2,3.6,3,2019-10-20,3,2,2019,"ILF"
"1153","B36 Torshavn","Klaksvik",2.3,3.6,2.5,2019-10-26,0,3,2019,"ILF"
"1154","AB Argir","HB Torshavn",6,4.75,1.36,2019-10-26,1,2,2019,"ILF"
